id;escola;tipo;salario
1;17005582;Contrato;1500.3
2;17005582;Efetivo;3500.7
3;17005582;Contrato;1500.3
4;17005582;Contrato;1500.3
5;17005582;Efetivo;3500.7
6;17005582;Efetivo;3500.7
7;17005582;Contrato;1500.3
8;17005582;Contrato;1500.3
9;17005582;Contrato;1500.3
10;17005582;Efetivo;3500.7
11;17005582;Contrato;1500.3
12;17005582;Contrato;1500.3
13;17005582;Contrato;1500.3
14;17005582;Contrato;1500.3
15;17005582;Contrato;1500.3
16;17005582;Efetivo;3500.7
17;17005582;Efetivo;3500.7
18;17005582;Efetivo;3500.7
19;17005582;Contrato;1500.3
20;17005582;Contrato;1500.3
21;17005582;Contrato;1500.3
22;17005582;Contrato;1500.3
23;17005582;Contrato;1500.3
24;17005582;Contrato;1500.3
25;17005582;Contrato;1500.3
26;17005582;Efetivo;3500.7
27;17005582;Efetivo;3500.7
28;17005582;Contrato;1500.3
29;17005582;Contrato;1500.3
30;17005582;Contrato;1500.3
31;17005582;Efetivo;3500.7
32;17005582;Contrato;1500.3
33;17005582;Contrato;1500.3
34;17005582;Contrato;1500.3
35;17005582;Efetivo;3500.7
36;17005582;Contrato;1500.3
37;17005582;Contrato;1500.3
38;17005582;Contrato;1500.3
39;17005582;Contrato;1500.3
40;17005582;Contrato;1500.3
41;17005582;Contrato;1500.3
42;17005582;Contrato;1500.3
43;17005582;Contrato;1500.3
44;17005582;Efetivo;3500.7
45;17005582;Contrato;1500.3
46;17005582;Contrato;1500.3
47;17005582;Efetivo;3500.7
48;17005582;Contrato;1500.3
49;17005582;Efetivo;3500.7
50;17005582;Efetivo;3500.7
51;17005582;Contrato;1500.3
52;17005582;Contrato;1500.3
53;17005582;Efetivo;3500.7
54;17005582;Efetivo;3500.7
55;17005582;Efetivo;3500.7
56;17005582;Efetivo;3500.7
57;17005582;Efetivo;3500.7
58;17005582;Efetivo;3500.7
59;17005582;Contrato;1500.3
60;17005582;Efetivo;3500.7
61;17005582;Contrato;1500.3
62;17005582;Contrato;1500.3
63;17005582;Efetivo;3500.7
64;17005582;Efetivo;3500.7
65;17005582;Efetivo;3500.7
66;17005582;Efetivo;3500.7
67;17005582;Contrato;1500.3
68;17005582;Contrato;1500.3
69;17005582;Contrato;1500.3
70;17005582;Contrato;1500.3
71;17005582;Efetivo;3500.7
72;17005620;Contrato;1500.3
73;17005620;Efetivo;3500.7
74;17005620;Efetivo;3500.7
75;17005620;Contrato;1500.3
76;17005620;Contrato;1500.3
77;17005620;Contrato;1500.3
78;17005620;Efetivo;3500.7
79;17005620;Efetivo;3500.7
80;17005620;Efetivo;3500.7
81;17005620;Contrato;1500.3
82;17005620;Contrato;1500.3
83;17005620;Efetivo;3500.7
84;17005620;Efetivo;3500.7
85;17005620;Contrato;1500.3
86;17005620;Contrato;1500.3
87;17005620;Contrato;1500.3
88;17005620;Efetivo;3500.7
89;17005620;Contrato;1500.3
90;17005620;Contrato;1500.3
91;17005620;Efetivo;3500.7
92;17005620;Efetivo;3500.7
93;17005620;Efetivo;3500.7
94;17005620;Efetivo;3500.7
95;17005620;Contrato;1500.3
96;17005620;Contrato;1500.3
97;17005620;Contrato;1500.3
98;17005620;Contrato;1500.3
99;17005620;Contrato;1500.3
100;17005620;Contrato;1500.3
101;17005620;Contrato;1500.3
102;17005620;Efetivo;3500.7
103;17005620;Contrato;1500.3
104;17005620;Efetivo;3500.7
105;17005620;Contrato;1500.3
106;17005620;Contrato;1500.3
107;17005620;Efetivo;3500.7
108;17005620;Contrato;1500.3
109;17005620;Efetivo;3500.7
110;17005620;Efetivo;3500.7
111;17005620;Efetivo;3500.7
112;17005620;Efetivo;3500.7
113;17005620;Contrato;1500.3
114;17005620;Contrato;1500.3
115;17005620;Contrato;1500.3
116;17005620;Efetivo;3500.7
117;17005620;Contrato;1500.3
118;17005620;Efetivo;3500.7
119;17005620;Contrato;1500.3
120;17005620;Contrato;1500.3
121;17005620;Contrato;1500.3
122;17005620;Efetivo;3500.7
123;17005620;Contrato;1500.3
124;17005620;Contrato;1500.3
125;17005620;Efetivo;3500.7
126;17005620;Contrato;1500.3
127;17005620;Efetivo;3500.7
128;17005620;Contrato;1500.3
129;17005620;Contrato;1500.3
130;17005620;Contrato;1500.3
131;17005620;Efetivo;3500.7
132;17005620;Efetivo;3500.7
133;17005620;Contrato;1500.3
134;17005620;Efetivo;3500.7
135;17005620;Contrato;1500.3
136;17005620;Contrato;1500.3
137;17005620;Contrato;1500.3
138;17005620;Contrato;1500.3
139;17005620;Efetivo;3500.7
140;17005620;Contrato;1500.3
141;17005620;Contrato;1500.3
142;17005620;Efetivo;3500.7
143;17005620;Efetivo;3500.7
144;17005620;Contrato;1500.3
145;17005620;Efetivo;3500.7
146;17005620;Contrato;1500.3
147;17005620;Contrato;1500.3
148;17005620;Contrato;1500.3
149;17005990;Efetivo;3500.7
150;17005990;Contrato;1500.3
151;17005990;Contrato;1500.3
152;17005990;Efetivo;3500.7
153;17005990;Contrato;1500.3
154;17005990;Contrato;1500.3
155;17005990;Contrato;1500.3
156;17005990;Contrato;1500.3
157;17005990;Contrato;1500.3
158;17005990;Contrato;1500.3
159;17005990;Efetivo;3500.7
160;17005990;Efetivo;3500.7
161;17005990;Efetivo;3500.7
162;17005990;Efetivo;3500.7
163;17005990;Efetivo;3500.7
164;17005990;Contrato;1500.3
165;17005990;Contrato;1500.3
166;17005990;Contrato;1500.3
167;17005990;Efetivo;3500.7
168;17005990;Efetivo;3500.7
169;17005990;Efetivo;3500.7
170;17005990;Efetivo;3500.7
171;17005990;Efetivo;3500.7
172;17005990;Contrato;1500.3
173;17005990;Contrato;1500.3
174;17005990;Contrato;1500.3
175;17005990;Efetivo;3500.7
176;17005990;Contrato;1500.3
177;17005990;Contrato;1500.3
178;17005990;Efetivo;3500.7
179;17005990;Contrato;1500.3
180;17005990;Efetivo;3500.7
181;17005990;Efetivo;3500.7
182;17005990;Contrato;1500.3
183;17005990;Efetivo;3500.7
184;17005990;Efetivo;3500.7
185;17005990;Efetivo;3500.7
186;17005990;Efetivo;3500.7
187;17005990;Contrato;1500.3
188;17005990;Contrato;1500.3
189;17005990;Efetivo;3500.7
190;17005990;Contrato;1500.3
191;17005990;Efetivo;3500.7
192;17005990;Contrato;1500.3
193;17005990;Efetivo;3500.7
194;17005990;Efetivo;3500.7
195;17005990;Efetivo;3500.7
196;17005990;Contrato;1500.3
197;17005990;Efetivo;3500.7
198;17006244;Efetivo;3500.7
199;17006244;Contrato;1500.3
200;17006244;Contrato;1500.3
201;17006244;Contrato;1500.3
202;17006244;Contrato;1500.3
203;17006244;Contrato;1500.3
204;17006244;Contrato;1500.3
205;17006244;Contrato;1500.3
206;17006244;Contrato;1500.3
207;17006244;Contrato;1500.3
208;17006244;Efetivo;3500.7
209;17006244;Efetivo;3500.7
210;17006244;Efetivo;3500.7
211;17006244;Contrato;1500.3
212;17006244;Efetivo;3500.7
213;17006244;Contrato;1500.3
214;17006244;Efetivo;3500.7
215;17006244;Contrato;1500.3
216;17006244;Efetivo;3500.7
217;17006244;Contrato;1500.3
218;17006244;Contrato;1500.3
219;17006244;Contrato;1500.3
220;17006244;Contrato;1500.3
221;17006244;Efetivo;3500.7
222;17006244;Efetivo;3500.7
223;17006244;Contrato;1500.3
224;17006244;Efetivo;3500.7
225;17006244;Efetivo;3500.7
226;17006244;Contrato;1500.3
227;17006244;Efetivo;3500.7
228;17006244;Efetivo;3500.7
229;17006244;Efetivo;3500.7
230;17006244;Contrato;1500.3
231;17006244;Contrato;1500.3
232;17006244;Efetivo;3500.7
233;17006244;Contrato;1500.3
234;17006244;Contrato;1500.3
235;17006244;Contrato;1500.3
236;17006244;Efetivo;3500.7
237;17006244;Efetivo;3500.7
238;17006244;Efetivo;3500.7
239;17006244;Contrato;1500.3
240;17006244;Contrato;1500.3
241;17006244;Contrato;1500.3
242;17006244;Efetivo;3500.7
243;17006244;Contrato;1500.3
244;17005434;Efetivo;3500.7
245;17005434;Efetivo;3500.7
246;17005434;Efetivo;3500.7
247;17005434;Efetivo;3500.7
248;17005434;Contrato;1500.3
249;17005434;Contrato;1500.3
250;17005434;Contrato;1500.3
251;17005434;Efetivo;3500.7
252;17005434;Contrato;1500.3
253;17005434;Contrato;1500.3
254;17005434;Contrato;1500.3
255;17005434;Efetivo;3500.7
256;17005434;Efetivo;3500.7
257;17005434;Efetivo;3500.7
258;17005434;Contrato;1500.3
259;17005434;Efetivo;3500.7
260;17005434;Contrato;1500.3
261;17005434;Contrato;1500.3
262;17005434;Efetivo;3500.7
263;17005434;Contrato;1500.3
264;17005434;Contrato;1500.3
265;17005434;Contrato;1500.3
266;17005434;Efetivo;3500.7
267;17005434;Contrato;1500.3
268;17005434;Efetivo;3500.7
269;17005434;Contrato;1500.3
270;17005434;Contrato;1500.3
271;17005434;Contrato;1500.3
272;17005434;Contrato;1500.3
273;17005434;Contrato;1500.3
274;17005434;Contrato;1500.3
275;17005434;Efetivo;3500.7
276;17005434;Contrato;1500.3
277;17005434;Contrato;1500.3
278;17005434;Efetivo;3500.7
279;17005434;Contrato;1500.3
280;17005434;Contrato;1500.3
281;17005434;Efetivo;3500.7
282;17005434;Efetivo;3500.7
283;17005434;Contrato;1500.3
284;17005434;Contrato;1500.3
285;17005434;Contrato;1500.3
286;17005434;Contrato;1500.3
287;17005434;Contrato;1500.3
288;17005434;Efetivo;3500.7
289;17005434;Contrato;1500.3
290;17005434;Contrato;1500.3
291;17005434;Contrato;1500.3
292;17005434;Contrato;1500.3
293;17005434;Contrato;1500.3
294;17005434;Contrato;1500.3
295;17005434;Contrato;1500.3
296;17005434;Contrato;1500.3
297;17005434;Efetivo;3500.7
298;17005434;Efetivo;3500.7
299;17005434;Efetivo;3500.7
300;17005434;Efetivo;3500.7
301;17005434;Contrato;1500.3
302;17005434;Contrato;1500.3
303;17005434;Efetivo;3500.7
304;17005434;Contrato;1500.3
305;17005434;Efetivo;3500.7
306;17005434;Efetivo;3500.7
307;17005434;Efetivo;3500.7
308;17005434;Efetivo;3500.7
309;17005434;Contrato;1500.3
310;17005434;Efetivo;3500.7
311;17005434;Contrato;1500.3
312;17005434;Efetivo;3500.7
313;17005434;Contrato;1500.3
314;17005434;Contrato;1500.3
315;17005434;Contrato;1500.3
316;17005434;Efetivo;3500.7
317;17005434;Contrato;1500.3
318;17005434;Contrato;1500.3
319;17005434;Contrato;1500.3
320;17005434;Efetivo;3500.7
321;17005434;Contrato;1500.3
322;17005434;Efetivo;3500.7
323;17005434;Efetivo;3500.7
324;17005434;Contrato;1500.3
325;17005434;Efetivo;3500.7
326;17005434;Efetivo;3500.7
327;17005434;Contrato;1500.3
328;17005434;Contrato;1500.3
329;17005434;Contrato;1500.3
330;17005434;Contrato;1500.3
331;17005647;Contrato;1500.3
332;17005647;Contrato;1500.3
333;17005647;Contrato;1500.3
334;17005647;Efetivo;3500.7
335;17005647;Contrato;1500.3
336;17005647;Contrato;1500.3
337;17005647;Contrato;1500.3
338;17005647;Efetivo;3500.7
339;17005647;Contrato;1500.3
340;17005647;Efetivo;3500.7
341;17005647;Efetivo;3500.7
342;17005647;Efetivo;3500.7
343;17005647;Contrato;1500.3
344;17005647;Contrato;1500.3
345;17005647;Contrato;1500.3
346;17005647;Contrato;1500.3
347;17005647;Contrato;1500.3
348;17005647;Contrato;1500.3
349;17005647;Contrato;1500.3
350;17005647;Contrato;1500.3
351;17005647;Efetivo;3500.7
352;17005647;Efetivo;3500.7
353;17005647;Contrato;1500.3
354;17005647;Efetivo;3500.7
355;17005647;Efetivo;3500.7
356;17005647;Contrato;1500.3
357;17005647;Contrato;1500.3
358;17005647;Efetivo;3500.7
359;17005647;Efetivo;3500.7
360;17005647;Contrato;1500.3
361;17005647;Contrato;1500.3
362;17005647;Contrato;1500.3
363;17006201;Contrato;1500.3
364;17006201;Contrato;1500.3
365;17006201;Contrato;1500.3
366;17006201;Efetivo;3500.7
367;17006201;Contrato;1500.3
368;17006201;Contrato;1500.3
369;17006201;Efetivo;3500.7
370;17006201;Contrato;1500.3
371;17006201;Contrato;1500.3
372;17006201;Contrato;1500.3
373;17006201;Efetivo;3500.7
374;17006201;Contrato;1500.3
375;17006201;Efetivo;3500.7
376;17006201;Efetivo;3500.7
377;17006201;Efetivo;3500.7
378;17006201;Contrato;1500.3
379;17006201;Contrato;1500.3
380;17006201;Contrato;1500.3
381;17006201;Contrato;1500.3
382;17006201;Contrato;1500.3
383;17006201;Contrato;1500.3
384;17006201;Contrato;1500.3
385;17006201;Contrato;1500.3
386;17006201;Efetivo;3500.7
387;17006201;Contrato;1500.3
388;17006201;Contrato;1500.3
389;17006201;Contrato;1500.3
390;17006201;Contrato;1500.3
391;17006201;Efetivo;3500.7
392;17006201;Efetivo;3500.7
393;17006201;Efetivo;3500.7
394;17006201;Contrato;1500.3
395;17006201;Efetivo;3500.7
396;17006201;Contrato;1500.3
397;17006201;Efetivo;3500.7
398;17006201;Contrato;1500.3
399;17006201;Efetivo;3500.7
400;17006201;Contrato;1500.3
401;17006201;Efetivo;3500.7
402;17006201;Contrato;1500.3
403;17006201;Contrato;1500.3
404;17006201;Contrato;1500.3
405;17006201;Contrato;1500.3
406;17006201;Contrato;1500.3
407;17006201;Efetivo;3500.7
408;17006201;Contrato;1500.3
409;17006201;Contrato;1500.3
410;17006201;Contrato;1500.3
411;17006201;Contrato;1500.3
412;17006201;Contrato;1500.3
413;17006201;Efetivo;3500.7
414;17006201;Contrato;1500.3
415;17006201;Efetivo;3500.7
416;17006201;Efetivo;3500.7
417;17006201;Efetivo;3500.7
418;17006201;Efetivo;3500.7
419;17006201;Contrato;1500.3
420;17006201;Contrato;1500.3
421;17006201;Contrato;1500.3
422;17006201;Efetivo;3500.7
423;17006201;Efetivo;3500.7
424;17006201;Contrato;1500.3
425;17006201;Contrato;1500.3
426;17006201;Contrato;1500.3
427;17006201;Efetivo;3500.7
428;17006201;Contrato;1500.3
429;17006201;Efetivo;3500.7
430;17006210;Contrato;1500.3
431;17006210;Contrato;1500.3
432;17006210;Contrato;1500.3
433;17006210;Efetivo;3500.7
434;17006210;Contrato;1500.3
435;17006210;Contrato;1500.3
436;17006210;Efetivo;3500.7
437;17006210;Contrato;1500.3
438;17006210;Efetivo;3500.7
439;17006210;Contrato;1500.3
440;17006210;Contrato;1500.3
441;17006210;Efetivo;3500.7
442;17006210;Contrato;1500.3
443;17006210;Contrato;1500.3
444;17006210;Contrato;1500.3
445;17006210;Contrato;1500.3
446;17006210;Efetivo;3500.7
447;17006210;Efetivo;3500.7
448;17006210;Efetivo;3500.7
449;17006210;Contrato;1500.3
450;17006210;Contrato;1500.3
451;17006210;Efetivo;3500.7
452;17041538;Contrato;1500.3
453;17041538;Efetivo;3500.7
454;17041538;Efetivo;3500.7
455;17041538;Contrato;1500.3
456;17041538;Efetivo;3500.7
457;17041538;Efetivo;3500.7
458;17041538;Contrato;1500.3
459;17041538;Contrato;1500.3
460;17041538;Efetivo;3500.7
461;17041538;Contrato;1500.3
462;17041538;Efetivo;3500.7
463;17041538;Efetivo;3500.7
464;17041538;Contrato;1500.3
465;17041538;Contrato;1500.3
466;17041538;Contrato;1500.3
467;17041538;Contrato;1500.3
468;17041538;Efetivo;3500.7
469;17041538;Contrato;1500.3
470;17041538;Contrato;1500.3
471;17041538;Efetivo;3500.7
472;17041538;Efetivo;3500.7
473;17041538;Contrato;1500.3
474;17041538;Contrato;1500.3
475;17041538;Contrato;1500.3
476;17041538;Contrato;1500.3
477;17041538;Contrato;1500.3
478;17041538;Contrato;1500.3
479;17041538;Contrato;1500.3
480;17041538;Contrato;1500.3
481;17041538;Contrato;1500.3
482;17041538;Efetivo;3500.7
483;17041538;Efetivo;3500.7
484;17041538;Contrato;1500.3
485;17041538;Efetivo;3500.7
486;17041538;Contrato;1500.3
487;17041538;Contrato;1500.3
488;17041538;Efetivo;3500.7
489;17041538;Contrato;1500.3
490;17041538;Efetivo;3500.7
491;17041538;Contrato;1500.3
492;17041538;Contrato;1500.3
493;17041538;Efetivo;3500.7
494;17041538;Contrato;1500.3
495;17041538;Contrato;1500.3
496;17041538;Efetivo;3500.7
497;17041538;Contrato;1500.3
498;17041538;Efetivo;3500.7
499;17041538;Contrato;1500.3
500;17041538;Contrato;1500.3
501;17041538;Contrato;1500.3
502;17041538;Contrato;1500.3
503;17041538;Contrato;1500.3
504;17041538;Contrato;1500.3
505;17041538;Contrato;1500.3
506;17041538;Contrato;1500.3
507;17041538;Efetivo;3500.7
508;17041538;Efetivo;3500.7
509;17041538;Contrato;1500.3
510;17041538;Contrato;1500.3
511;17041538;Contrato;1500.3
512;17041538;Contrato;1500.3
513;17041538;Efetivo;3500.7
514;17041538;Contrato;1500.3
515;17041538;Efetivo;3500.7
516;17041538;Efetivo;3500.7
517;17041538;Efetivo;3500.7
518;17041538;Contrato;1500.3
519;17041538;Efetivo;3500.7
520;17041538;Efetivo;3500.7
521;17041538;Efetivo;3500.7
522;17041538;Efetivo;3500.7
523;17005531;Efetivo;3500.7
524;17005531;Contrato;1500.3
525;17005531;Efetivo;3500.7
526;17005531;Contrato;1500.3
527;17005531;Contrato;1500.3
528;17005531;Contrato;1500.3
529;17005531;Contrato;1500.3
530;17005531;Efetivo;3500.7
531;17005531;Contrato;1500.3
532;17005531;Efetivo;3500.7
533;17005531;Efetivo;3500.7
534;17005531;Efetivo;3500.7
535;17005531;Contrato;1500.3
536;17005531;Contrato;1500.3
537;17005531;Contrato;1500.3
538;17005531;Contrato;1500.3
539;17005531;Contrato;1500.3
540;17005531;Efetivo;3500.7
541;17005531;Contrato;1500.3
542;17005531;Contrato;1500.3
543;17005531;Contrato;1500.3
544;17005531;Contrato;1500.3
545;17005531;Efetivo;3500.7
546;17005531;Efetivo;3500.7
547;17005531;Contrato;1500.3
548;17005531;Contrato;1500.3
549;17005531;Contrato;1500.3
550;17005531;Contrato;1500.3
551;17005531;Efetivo;3500.7
552;17005531;Contrato;1500.3
553;17005531;Efetivo;3500.7
554;17005531;Efetivo;3500.7
555;17005531;Contrato;1500.3
556;17005531;Contrato;1500.3
557;17005531;Contrato;1500.3
558;17005531;Efetivo;3500.7
559;17005531;Efetivo;3500.7
560;17005531;Contrato;1500.3
561;17005531;Efetivo;3500.7
562;17005531;Contrato;1500.3
563;17005531;Efetivo;3500.7
564;17005531;Efetivo;3500.7
565;17005531;Efetivo;3500.7
566;17005531;Efetivo;3500.7
567;17005531;Contrato;1500.3
568;17005531;Contrato;1500.3
569;17005531;Contrato;1500.3
570;17005531;Contrato;1500.3
571;17005531;Efetivo;3500.7
572;17005531;Contrato;1500.3
573;17005531;Contrato;1500.3
574;17005531;Contrato;1500.3
575;17005531;Efetivo;3500.7
576;17005531;Contrato;1500.3
577;17005531;Contrato;1500.3
578;17005531;Contrato;1500.3
579;17005531;Contrato;1500.3
580;17005531;Contrato;1500.3
581;17005531;Efetivo;3500.7
582;17005531;Contrato;1500.3
583;17005531;Contrato;1500.3
584;17005531;Contrato;1500.3
585;17005531;Contrato;1500.3
586;17005531;Contrato;1500.3
587;17005531;Contrato;1500.3
588;17005531;Efetivo;3500.7
589;17005531;Contrato;1500.3
590;17005531;Contrato;1500.3
591;17005531;Contrato;1500.3
592;17005531;Contrato;1500.3
593;17005531;Efetivo;3500.7
594;17005531;Contrato;1500.3
595;17005531;Contrato;1500.3
596;17005531;Efetivo;3500.7
597;17005531;Contrato;1500.3
598;17005531;Contrato;1500.3
599;17005531;Contrato;1500.3
600;17005531;Efetivo;3500.7
601;17005531;Efetivo;3500.7
602;17005531;Efetivo;3500.7
603;17005531;Contrato;1500.3
604;17005531;Contrato;1500.3
605;17005531;Contrato;1500.3
606;17005531;Contrato;1500.3
607;17005566;Efetivo;3500.7
608;17005566;Efetivo;3500.7
609;17005566;Contrato;1500.3
610;17005566;Contrato;1500.3
611;17005566;Contrato;1500.3
612;17005566;Contrato;1500.3
613;17005566;Contrato;1500.3
614;17005566;Contrato;1500.3
615;17005566;Efetivo;3500.7
616;17005566;Contrato;1500.3
617;17005566;Contrato;1500.3
618;17005566;Contrato;1500.3
619;17005566;Efetivo;3500.7
620;17005566;Contrato;1500.3
621;17005566;Efetivo;3500.7
622;17005566;Contrato;1500.3
623;17005566;Efetivo;3500.7
624;17005566;Contrato;1500.3
625;17005566;Contrato;1500.3
626;17005566;Efetivo;3500.7
627;17005566;Contrato;1500.3
628;17005566;Contrato;1500.3
629;17005566;Contrato;1500.3
630;17005566;Contrato;1500.3
631;17005566;Efetivo;3500.7
632;17005566;Contrato;1500.3
633;17005566;Efetivo;3500.7
634;17005566;Efetivo;3500.7
635;17005566;Contrato;1500.3
636;17005566;Contrato;1500.3
637;17005566;Contrato;1500.3
638;17005566;Efetivo;3500.7
639;17005566;Contrato;1500.3
640;17005566;Efetivo;3500.7
641;17005566;Contrato;1500.3
642;17005566;Efetivo;3500.7
643;17005566;Efetivo;3500.7
644;17005566;Contrato;1500.3
645;17005566;Efetivo;3500.7
646;17005566;Contrato;1500.3
647;17005566;Contrato;1500.3
648;17005566;Efetivo;3500.7
649;17005566;Efetivo;3500.7
650;17005566;Contrato;1500.3
651;17005566;Contrato;1500.3
652;17005566;Contrato;1500.3
653;17005566;Efetivo;3500.7
654;17005566;Contrato;1500.3
655;17005566;Efetivo;3500.7
656;17005566;Contrato;1500.3
657;17005566;Contrato;1500.3
658;17005566;Contrato;1500.3
659;17005566;Efetivo;3500.7
660;17005566;Contrato;1500.3
661;17005566;Efetivo;3500.7
662;17005566;Efetivo;3500.7
663;17005566;Contrato;1500.3
664;17005566;Efetivo;3500.7
665;17005566;Contrato;1500.3
666;17005566;Efetivo;3500.7
667;17005566;Contrato;1500.3
668;17005566;Contrato;1500.3
669;17005566;Efetivo;3500.7
670;17005566;Contrato;1500.3
671;17005566;Contrato;1500.3
672;17005566;Contrato;1500.3
673;17006147;Contrato;1500.3
674;17006147;Efetivo;3500.7
675;17006147;Contrato;1500.3
676;17006147;Efetivo;3500.7
677;17006147;Efetivo;3500.7
678;17006147;Contrato;1500.3
679;17006147;Contrato;1500.3
680;17006147;Contrato;1500.3
681;17006147;Efetivo;3500.7
682;17006147;Contrato;1500.3
683;17006147;Contrato;1500.3
684;17006147;Contrato;1500.3
685;17006147;Efetivo;3500.7
686;17006147;Efetivo;3500.7
687;17006147;Contrato;1500.3
688;17006147;Contrato;1500.3
689;17006147;Efetivo;3500.7
690;17006147;Efetivo;3500.7
691;17006147;Contrato;1500.3
692;17006147;Efetivo;3500.7
693;17006147;Efetivo;3500.7
694;17006147;Contrato;1500.3
695;17006147;Contrato;1500.3
696;17006147;Contrato;1500.3
697;17006147;Contrato;1500.3
698;17006147;Contrato;1500.3
699;17006147;Contrato;1500.3
700;17006147;Contrato;1500.3
701;17006147;Efetivo;3500.7
702;17006147;Contrato;1500.3
703;17006147;Contrato;1500.3
704;17006147;Contrato;1500.3
705;17006147;Contrato;1500.3
706;17006147;Efetivo;3500.7
707;17006147;Contrato;1500.3
708;17006147;Contrato;1500.3
709;17006147;Efetivo;3500.7
710;17006147;Efetivo;3500.7
711;17006147;Efetivo;3500.7
712;17006147;Efetivo;3500.7
713;17006147;Contrato;1500.3
714;17006147;Contrato;1500.3
715;17006147;Contrato;1500.3
716;17006147;Efetivo;3500.7
717;17006147;Contrato;1500.3
718;17006147;Efetivo;3500.7
719;17006147;Contrato;1500.3
720;17006147;Contrato;1500.3
721;17006147;Efetivo;3500.7
722;17006147;Contrato;1500.3
723;17006147;Efetivo;3500.7
724;17006147;Contrato;1500.3
725;17006147;Efetivo;3500.7
726;17006147;Contrato;1500.3
727;17006147;Contrato;1500.3
728;17006147;Contrato;1500.3
729;17006147;Contrato;1500.3
730;17006147;Efetivo;3500.7
731;17006147;Contrato;1500.3
732;17006147;Efetivo;3500.7
733;17006147;Contrato;1500.3
734;17006147;Efetivo;3500.7
735;17006147;Efetivo;3500.7
736;17006147;Contrato;1500.3
737;17006147;Contrato;1500.3
738;17006147;Contrato;1500.3
739;17006147;Contrato;1500.3
740;17006147;Efetivo;3500.7
741;17006147;Contrato;1500.3
742;17006147;Contrato;1500.3
743;17006147;Contrato;1500.3
744;17006147;Efetivo;3500.7
745;17006147;Efetivo;3500.7
746;17006147;Efetivo;3500.7
747;17006147;Efetivo;3500.7
748;17006147;Efetivo;3500.7
749;17006147;Contrato;1500.3
750;17006147;Efetivo;3500.7
751;17006147;Contrato;1500.3
752;17041481;Contrato;1500.3
753;17041481;Contrato;1500.3
754;17041481;Efetivo;3500.7
755;17041481;Contrato;1500.3
756;17041481;Contrato;1500.3
757;17041481;Efetivo;3500.7
758;17041481;Contrato;1500.3
759;17041481;Contrato;1500.3
760;17041481;Contrato;1500.3
761;17041481;Contrato;1500.3
762;17041481;Contrato;1500.3
763;17041481;Contrato;1500.3
764;17041481;Contrato;1500.3
765;17041481;Contrato;1500.3
766;17041481;Contrato;1500.3
767;17041481;Contrato;1500.3
768;17041481;Contrato;1500.3
769;17041481;Contrato;1500.3
770;17041481;Efetivo;3500.7
771;17041481;Contrato;1500.3
772;17041481;Efetivo;3500.7
773;17041481;Contrato;1500.3
774;17041481;Efetivo;3500.7
775;17041481;Contrato;1500.3
776;17041481;Efetivo;3500.7
777;17041481;Contrato;1500.3
778;17041481;Efetivo;3500.7
779;17041481;Efetivo;3500.7
780;17041481;Efetivo;3500.7
781;17041481;Efetivo;3500.7
782;17041481;Contrato;1500.3
783;17041481;Contrato;1500.3
784;17041481;Efetivo;3500.7
785;17041481;Contrato;1500.3
786;17041481;Efetivo;3500.7
787;17041481;Contrato;1500.3
788;17041481;Contrato;1500.3
789;17041481;Efetivo;3500.7
790;17041481;Efetivo;3500.7
791;17041481;Contrato;1500.3
792;17041481;Contrato;1500.3
793;17041481;Contrato;1500.3
794;17041481;Contrato;1500.3
795;17041481;Contrato;1500.3
796;17041481;Contrato;1500.3
797;17041481;Contrato;1500.3
798;17041481;Efetivo;3500.7
799;17041481;Contrato;1500.3
800;17041481;Contrato;1500.3
801;17041481;Efetivo;3500.7
802;17041481;Efetivo;3500.7
803;17041481;Contrato;1500.3
804;17041481;Efetivo;3500.7
805;17041481;Contrato;1500.3
806;17041481;Contrato;1500.3
807;17041481;Contrato;1500.3
808;17041481;Contrato;1500.3
809;17041481;Efetivo;3500.7
810;17041481;Efetivo;3500.7
811;17041481;Contrato;1500.3
812;17041481;Efetivo;3500.7
813;17041481;Efetivo;3500.7
814;17041481;Contrato;1500.3
815;17041481;Efetivo;3500.7
816;17041481;Efetivo;3500.7
817;17041481;Efetivo;3500.7
818;17041481;Contrato;1500.3
819;17041481;Contrato;1500.3
820;17041481;Contrato;1500.3
821;17041481;Contrato;1500.3
822;17041481;Efetivo;3500.7
823;17041481;Contrato;1500.3
824;17041481;Contrato;1500.3
825;17041481;Contrato;1500.3
826;17041481;Contrato;1500.3
827;17041481;Contrato;1500.3
828;17041481;Contrato;1500.3
829;17041481;Contrato;1500.3
830;17041481;Contrato;1500.3
831;17041481;Efetivo;3500.7
832;17041481;Efetivo;3500.7
833;17041481;Contrato;1500.3
834;17041481;Contrato;1500.3
835;17041481;Contrato;1500.3
836;17041481;Contrato;1500.3
837;17041481;Efetivo;3500.7
838;17041481;Efetivo;3500.7
839;17050510;Efetivo;3500.7
840;17050510;Contrato;1500.3
841;17050510;Contrato;1500.3
842;17050510;Contrato;1500.3
843;17050510;Contrato;1500.3
844;17050510;Contrato;1500.3
845;17050510;Contrato;1500.3
846;17050510;Contrato;1500.3
847;17050510;Contrato;1500.3
848;17050510;Efetivo;3500.7
849;17050510;Efetivo;3500.7
850;17050510;Contrato;1500.3
851;17050510;Efetivo;3500.7
852;17050510;Efetivo;3500.7
853;17050510;Contrato;1500.3
854;17050510;Contrato;1500.3
855;17050510;Efetivo;3500.7
856;17050510;Efetivo;3500.7
857;17050510;Efetivo;3500.7
858;17050510;Contrato;1500.3
859;17050510;Contrato;1500.3
860;17050510;Contrato;1500.3
861;17050510;Contrato;1500.3
862;17050510;Contrato;1500.3
863;17050510;Efetivo;3500.7
864;17050510;Contrato;1500.3
865;17050510;Contrato;1500.3
866;17050510;Efetivo;3500.7
867;17050510;Contrato;1500.3
868;17050510;Contrato;1500.3
869;17050510;Contrato;1500.3
870;17050510;Efetivo;3500.7
871;17050510;Efetivo;3500.7
872;17050510;Contrato;1500.3
873;17050510;Efetivo;3500.7
874;17050510;Contrato;1500.3
875;17050510;Efetivo;3500.7
876;17050510;Efetivo;3500.7
877;17050510;Efetivo;3500.7
878;17050510;Efetivo;3500.7
879;17050510;Efetivo;3500.7
880;17050510;Contrato;1500.3
881;17050510;Contrato;1500.3
882;17050510;Contrato;1500.3
883;17050510;Efetivo;3500.7
884;17050510;Contrato;1500.3
885;17050510;Efetivo;3500.7
886;17050510;Efetivo;3500.7
887;17050510;Contrato;1500.3
888;17006090;Efetivo;3500.7
889;17006090;Contrato;1500.3
890;17006090;Contrato;1500.3
891;17006090;Efetivo;3500.7
892;17006090;Efetivo;3500.7
893;17006090;Contrato;1500.3
894;17006090;Contrato;1500.3
895;17006090;Efetivo;3500.7
896;17006090;Efetivo;3500.7
897;17006090;Contrato;1500.3
898;17006090;Efetivo;3500.7
899;17006090;Contrato;1500.3
900;17006090;Efetivo;3500.7
901;17006090;Contrato;1500.3
902;17006090;Contrato;1500.3
903;17006090;Contrato;1500.3
904;17006090;Contrato;1500.3
905;17006090;Contrato;1500.3
906;17006090;Efetivo;3500.7
907;17006090;Contrato;1500.3
908;17006090;Efetivo;3500.7
909;17006090;Contrato;1500.3
910;17006090;Contrato;1500.3
911;17006090;Contrato;1500.3
912;17006090;Efetivo;3500.7
913;17006090;Contrato;1500.3
914;17006090;Efetivo;3500.7
915;17006090;Contrato;1500.3
916;17006090;Contrato;1500.3
917;17006090;Contrato;1500.3
918;17006090;Contrato;1500.3
919;17006090;Contrato;1500.3
920;17006090;Efetivo;3500.7
921;17006090;Efetivo;3500.7
922;17006090;Contrato;1500.3
923;17006090;Efetivo;3500.7
924;17006090;Efetivo;3500.7
925;17006090;Contrato;1500.3
926;17006090;Efetivo;3500.7
927;17006090;Contrato;1500.3
928;17006090;Contrato;1500.3
929;17006090;Contrato;1500.3
930;17006090;Contrato;1500.3
931;17006090;Efetivo;3500.7
932;17006090;Efetivo;3500.7
933;17006090;Contrato;1500.3
934;17006090;Contrato;1500.3
935;17006090;Contrato;1500.3
936;17006090;Efetivo;3500.7
937;17006090;Contrato;1500.3
938;17006090;Contrato;1500.3
939;17006090;Efetivo;3500.7
940;17006260;Efetivo;3500.7
941;17006260;Contrato;1500.3
942;17006260;Contrato;1500.3
943;17006260;Contrato;1500.3
944;17006260;Contrato;1500.3
945;17006260;Contrato;1500.3
946;17006260;Efetivo;3500.7
947;17006260;Contrato;1500.3
948;17006260;Efetivo;3500.7
949;17006260;Contrato;1500.3
950;17006260;Contrato;1500.3
951;17006260;Contrato;1500.3
952;17006260;Efetivo;3500.7
953;17006260;Contrato;1500.3
954;17006260;Contrato;1500.3
955;17006260;Contrato;1500.3
956;17006260;Efetivo;3500.7
957;17006260;Efetivo;3500.7
958;17006260;Contrato;1500.3
959;17006260;Contrato;1500.3
960;17006260;Contrato;1500.3
961;17006260;Contrato;1500.3
962;17006260;Efetivo;3500.7
963;17006260;Efetivo;3500.7
964;17006260;Contrato;1500.3
965;17006260;Efetivo;3500.7
966;17006260;Efetivo;3500.7
967;17006260;Contrato;1500.3
968;17006260;Efetivo;3500.7
969;17006260;Contrato;1500.3
970;17006260;Contrato;1500.3
971;17006260;Contrato;1500.3
972;17006260;Efetivo;3500.7
973;17006260;Efetivo;3500.7
974;17006260;Efetivo;3500.7
975;17006260;Efetivo;3500.7
976;17006260;Contrato;1500.3
977;17006260;Contrato;1500.3
978;17006260;Efetivo;3500.7
979;17006260;Efetivo;3500.7
980;17006260;Contrato;1500.3
981;17006260;Contrato;1500.3
982;17006260;Efetivo;3500.7
983;17006260;Efetivo;3500.7
984;17006260;Contrato;1500.3
985;17006260;Efetivo;3500.7
986;17006260;Contrato;1500.3
987;17006260;Efetivo;3500.7
988;17006260;Efetivo;3500.7
989;17006260;Efetivo;3500.7
990;17006260;Contrato;1500.3
991;17006260;Efetivo;3500.7
992;17006260;Contrato;1500.3
993;17006260;Contrato;1500.3
994;17006260;Contrato;1500.3
995;17006260;Contrato;1500.3
996;17006260;Efetivo;3500.7
997;17006260;Contrato;1500.3
998;17006260;Contrato;1500.3
999;17006260;Contrato;1500.3
1000;17006260;Contrato;1500.3
1001;17006260;Efetivo;3500.7
1002;17006260;Contrato;1500.3
1003;17006260;Contrato;1500.3
1004;17006260;Contrato;1500.3
1005;17006260;Contrato;1500.3
1006;17006260;Contrato;1500.3
1007;17006260;Efetivo;3500.7
1008;17006260;Contrato;1500.3
1009;17006260;Contrato;1500.3
1010;17006260;Efetivo;3500.7
1011;17005728;Efetivo;3500.7
1012;17005728;Contrato;1500.3
1013;17005728;Contrato;1500.3
1014;17005728;Contrato;1500.3
1015;17005728;Contrato;1500.3
1016;17005728;Efetivo;3500.7
1017;17005728;Contrato;1500.3
1018;17005728;Contrato;1500.3
1019;17005728;Contrato;1500.3
1020;17005728;Contrato;1500.3
1021;17005728;Contrato;1500.3
1022;17005728;Efetivo;3500.7
1023;17005728;Efetivo;3500.7
1024;17005728;Contrato;1500.3
1025;17005728;Efetivo;3500.7
1026;17005728;Contrato;1500.3
1027;17005728;Efetivo;3500.7
1028;17005728;Contrato;1500.3
1029;17005728;Efetivo;3500.7
1030;17005728;Efetivo;3500.7
1031;17005728;Efetivo;3500.7
1032;17005728;Efetivo;3500.7
1033;17005728;Efetivo;3500.7
1034;17005728;Contrato;1500.3
1035;17005728;Contrato;1500.3
1036;17005728;Efetivo;3500.7
1037;17005728;Efetivo;3500.7
1038;17005728;Efetivo;3500.7
1039;17005728;Efetivo;3500.7
1040;17005728;Efetivo;3500.7
1041;17005728;Efetivo;3500.7
1042;17005728;Efetivo;3500.7
1043;17005728;Efetivo;3500.7
1044;17005728;Contrato;1500.3
1045;17005728;Efetivo;3500.7
1046;17005728;Contrato;1500.3
1047;17005728;Efetivo;3500.7
1048;17005728;Contrato;1500.3
1049;17005728;Efetivo;3500.7
1050;17005728;Contrato;1500.3
1051;17005728;Contrato;1500.3
1052;17005728;Contrato;1500.3
1053;17005728;Contrato;1500.3
1054;17005728;Contrato;1500.3
1055;17005728;Contrato;1500.3
1056;17005728;Contrato;1500.3
1057;17005728;Efetivo;3500.7
1058;17005728;Efetivo;3500.7
1059;17005728;Efetivo;3500.7
1060;17005728;Contrato;1500.3
1061;17005728;Efetivo;3500.7
1062;17005728;Contrato;1500.3
1063;17005728;Contrato;1500.3
1064;17005728;Contrato;1500.3
1065;17005728;Contrato;1500.3
1066;17005728;Contrato;1500.3
1067;17005728;Efetivo;3500.7
1068;17005728;Contrato;1500.3
1069;17005728;Efetivo;3500.7
1070;17005728;Contrato;1500.3
1071;17005728;Contrato;1500.3
1072;17005728;Efetivo;3500.7
1073;17005728;Efetivo;3500.7
1074;17005728;Contrato;1500.3
1075;17005728;Contrato;1500.3
1076;17005728;Efetivo;3500.7
1077;17005728;Contrato;1500.3
1078;17005728;Contrato;1500.3
1079;17005728;Efetivo;3500.7
1080;17005728;Contrato;1500.3
1081;17005728;Contrato;1500.3
1082;17005728;Contrato;1500.3
1083;17005728;Contrato;1500.3
1084;17005728;Contrato;1500.3
1085;17005744;Contrato;1500.3
1086;17005744;Contrato;1500.3
1087;17005744;Efetivo;3500.7
1088;17005744;Efetivo;3500.7
1089;17005744;Contrato;1500.3
1090;17005744;Contrato;1500.3
1091;17005744;Contrato;1500.3
1092;17005744;Contrato;1500.3
1093;17005744;Contrato;1500.3
1094;17005744;Efetivo;3500.7
1095;17005744;Contrato;1500.3
1096;17005744;Contrato;1500.3
1097;17005744;Contrato;1500.3
1098;17005744;Efetivo;3500.7
1099;17005744;Efetivo;3500.7
1100;17005744;Efetivo;3500.7
1101;17005744;Contrato;1500.3
1102;17005744;Contrato;1500.3
1103;17005744;Contrato;1500.3
1104;17005744;Contrato;1500.3
1105;17005744;Contrato;1500.3
1106;17005744;Contrato;1500.3
1107;17005744;Efetivo;3500.7
1108;17005744;Efetivo;3500.7
1109;17005744;Contrato;1500.3
1110;17005744;Contrato;1500.3
1111;17005744;Contrato;1500.3
1112;17005744;Efetivo;3500.7
1113;17005744;Contrato;1500.3
1114;17005744;Efetivo;3500.7
1115;17005744;Contrato;1500.3
1116;17005744;Efetivo;3500.7
1117;17005744;Contrato;1500.3
1118;17005744;Efetivo;3500.7
1119;17005744;Efetivo;3500.7
1120;17005744;Contrato;1500.3
1121;17005744;Contrato;1500.3
1122;17005744;Efetivo;3500.7
1123;17005744;Efetivo;3500.7
1124;17005744;Contrato;1500.3
1125;17005744;Contrato;1500.3
1126;17005744;Contrato;1500.3
1127;17005744;Efetivo;3500.7
1128;17005744;Efetivo;3500.7
1129;17005744;Contrato;1500.3
1130;17005744;Contrato;1500.3
1131;17005744;Efetivo;3500.7
1132;17005744;Contrato;1500.3
1133;17005744;Contrato;1500.3
1134;17005744;Contrato;1500.3
1135;17005744;Contrato;1500.3
1136;17005744;Efetivo;3500.7
1137;17005744;Efetivo;3500.7
1138;17005744;Contrato;1500.3
1139;17005744;Efetivo;3500.7
1140;17005744;Efetivo;3500.7
1141;17005744;Efetivo;3500.7
1142;17005744;Contrato;1500.3
1143;17005744;Contrato;1500.3
1144;17005744;Efetivo;3500.7
1145;17005744;Contrato;1500.3
1146;17005744;Contrato;1500.3
1147;17005744;Contrato;1500.3
1148;17005744;Efetivo;3500.7
1149;17005744;Efetivo;3500.7
1150;17005744;Efetivo;3500.7
1151;17005744;Efetivo;3500.7
1152;17005744;Efetivo;3500.7
1153;17005744;Efetivo;3500.7
1154;17005744;Contrato;1500.3
1155;17005744;Efetivo;3500.7
1156;17005744;Efetivo;3500.7
1157;17005744;Contrato;1500.3
1158;17005744;Efetivo;3500.7
1159;17005744;Contrato;1500.3
1160;17005744;Efetivo;3500.7
1161;17053072;Contrato;1500.3
1162;17053072;Efetivo;3500.7
1163;17053072;Efetivo;3500.7
1164;17053072;Contrato;1500.3
1165;17053072;Contrato;1500.3
1166;17053072;Contrato;1500.3
1167;17053072;Contrato;1500.3
1168;17053072;Contrato;1500.3
1169;17053072;Contrato;1500.3
1170;17053072;Contrato;1500.3
1171;17053072;Efetivo;3500.7
1172;17053072;Efetivo;3500.7
1173;17053072;Contrato;1500.3
1174;17053072;Efetivo;3500.7
1175;17053072;Contrato;1500.3
1176;17053072;Efetivo;3500.7
1177;17053072;Efetivo;3500.7
1178;17053072;Contrato;1500.3
1179;17053072;Contrato;1500.3
1180;17053072;Contrato;1500.3
1181;17053072;Contrato;1500.3
1182;17053072;Efetivo;3500.7
1183;17053072;Contrato;1500.3
1184;17053072;Contrato;1500.3
1185;17053072;Contrato;1500.3
1186;17053072;Contrato;1500.3
1187;17053072;Contrato;1500.3
1188;17053072;Contrato;1500.3
1189;17053072;Efetivo;3500.7
1190;17053072;Contrato;1500.3
1191;17053072;Efetivo;3500.7
1192;17053072;Efetivo;3500.7
1193;17053072;Efetivo;3500.7
1194;17053072;Efetivo;3500.7
1195;17053072;Contrato;1500.3
1196;17053072;Contrato;1500.3
1197;17053072;Efetivo;3500.7
1198;17053072;Efetivo;3500.7
1199;17053072;Contrato;1500.3
1200;17053072;Contrato;1500.3
1201;17053072;Contrato;1500.3
1202;17053072;Efetivo;3500.7
1203;17053072;Contrato;1500.3
1204;17053072;Efetivo;3500.7
1205;17053072;Contrato;1500.3
1206;17053072;Contrato;1500.3
1207;17053072;Contrato;1500.3
1208;17053072;Contrato;1500.3
1209;17053072;Contrato;1500.3
1210;17053072;Efetivo;3500.7
1211;17053072;Contrato;1500.3
1212;17053072;Efetivo;3500.7
1213;17053072;Contrato;1500.3
1214;17053072;Contrato;1500.3
1215;17053072;Contrato;1500.3
1216;17053072;Contrato;1500.3
1217;17053072;Contrato;1500.3
1218;17053072;Contrato;1500.3
1219;17053072;Contrato;1500.3
1220;17053072;Contrato;1500.3
1221;17053072;Contrato;1500.3
1222;17050022;Contrato;1500.3
1223;17050022;Contrato;1500.3
1224;17050022;Contrato;1500.3
1225;17050022;Efetivo;3500.7
1226;17050022;Contrato;1500.3
1227;17050022;Efetivo;3500.7
1228;17050022;Contrato;1500.3
1229;17050022;Efetivo;3500.7
1230;17050022;Efetivo;3500.7
1231;17050022;Efetivo;3500.7
1232;17050022;Contrato;1500.3
1233;17050022;Efetivo;3500.7
1234;17050022;Efetivo;3500.7
1235;17050022;Contrato;1500.3
1236;17050022;Contrato;1500.3
1237;17050022;Efetivo;3500.7
1238;17050022;Contrato;1500.3
1239;17050022;Contrato;1500.3
1240;17050022;Contrato;1500.3
1241;17050022;Efetivo;3500.7
1242;17050022;Contrato;1500.3
1243;17050022;Contrato;1500.3
1244;17050022;Contrato;1500.3
1245;17050022;Contrato;1500.3
1246;17050022;Contrato;1500.3
1247;17050022;Efetivo;3500.7
1248;17050022;Contrato;1500.3
1249;17050022;Contrato;1500.3
1250;17050022;Contrato;1500.3
1251;17050022;Contrato;1500.3
1252;17050022;Contrato;1500.3
1253;17050022;Contrato;1500.3
1254;17055318;Contrato;1500.3
1255;17055318;Contrato;1500.3
1256;17055318;Efetivo;3500.7
1257;17055318;Efetivo;3500.7
1258;17055318;Contrato;1500.3
1259;17055318;Efetivo;3500.7
1260;17055318;Contrato;1500.3
1261;17055318;Efetivo;3500.7
1262;17055318;Contrato;1500.3
1263;17055318;Efetivo;3500.7
1264;17055318;Contrato;1500.3
1265;17055318;Efetivo;3500.7
1266;17055318;Contrato;1500.3
1267;17055318;Contrato;1500.3
1268;17055318;Efetivo;3500.7
1269;17055318;Contrato;1500.3
1270;17055318;Contrato;1500.3
1271;17055318;Contrato;1500.3
1272;17055318;Contrato;1500.3
1273;17055318;Efetivo;3500.7
1274;17055318;Contrato;1500.3
1275;17055318;Contrato;1500.3
1276;17055318;Contrato;1500.3
1277;17055318;Contrato;1500.3
1278;17055318;Contrato;1500.3
1279;17055318;Efetivo;3500.7
1280;17055318;Contrato;1500.3
1281;17055318;Efetivo;3500.7
1282;17055318;Efetivo;3500.7
1283;17055318;Contrato;1500.3
1284;17055318;Contrato;1500.3
1285;17055318;Contrato;1500.3
1286;17055318;Efetivo;3500.7
1287;17055318;Efetivo;3500.7
1288;17055318;Contrato;1500.3
1289;17055318;Contrato;1500.3
1290;17055318;Contrato;1500.3
1291;17055318;Efetivo;3500.7
1292;17055318;Contrato;1500.3
1293;17055318;Contrato;1500.3
1294;17055318;Contrato;1500.3
1295;17055318;Contrato;1500.3
1296;17055318;Contrato;1500.3
1297;17055318;Contrato;1500.3
1298;17055318;Efetivo;3500.7
1299;17055318;Contrato;1500.3
1300;17055318;Contrato;1500.3
1301;17055318;Contrato;1500.3
1302;17055318;Contrato;1500.3
1303;17055318;Contrato;1500.3
1304;17055318;Contrato;1500.3
1305;17055318;Contrato;1500.3
1306;17055318;Efetivo;3500.7
1307;17055318;Contrato;1500.3
1308;17055318;Efetivo;3500.7
1309;17055318;Contrato;1500.3
1310;17055318;Contrato;1500.3
1311;17055318;Efetivo;3500.7
1312;17055318;Contrato;1500.3
1313;17055318;Contrato;1500.3
1314;17055318;Contrato;1500.3
1315;17055318;Contrato;1500.3
1316;17055318;Contrato;1500.3
1317;17055318;Contrato;1500.3
1318;17055318;Efetivo;3500.7
1319;17055318;Efetivo;3500.7
1320;17055318;Contrato;1500.3
1321;17055318;Contrato;1500.3
1322;17055318;Efetivo;3500.7
1323;17055318;Efetivo;3500.7
1324;17055318;Efetivo;3500.7
1325;17055318;Contrato;1500.3
1326;17055318;Contrato;1500.3
1327;17055318;Efetivo;3500.7
1328;17055318;Efetivo;3500.7
1329;17055318;Efetivo;3500.7
1330;17055318;Contrato;1500.3
1331;17054478;Contrato;1500.3
1332;17054478;Efetivo;3500.7
1333;17054478;Contrato;1500.3
1334;17054478;Contrato;1500.3
1335;17054478;Contrato;1500.3
1336;17054478;Efetivo;3500.7
1337;17054478;Contrato;1500.3
1338;17054478;Contrato;1500.3
1339;17054478;Contrato;1500.3
1340;17054478;Contrato;1500.3
1341;17054478;Contrato;1500.3
1342;17054478;Contrato;1500.3
1343;17054478;Efetivo;3500.7
1344;17054478;Contrato;1500.3
1345;17054478;Contrato;1500.3
1346;17054478;Contrato;1500.3
1347;17054478;Efetivo;3500.7
1348;17054478;Contrato;1500.3
1349;17054478;Contrato;1500.3
1350;17054478;Efetivo;3500.7
1351;17054478;Efetivo;3500.7
1352;17054478;Contrato;1500.3
1353;17054478;Contrato;1500.3
1354;17054478;Contrato;1500.3
1355;17054478;Contrato;1500.3
1356;17054478;Efetivo;3500.7
1357;17054478;Efetivo;3500.7
1358;17054478;Contrato;1500.3
1359;17054478;Contrato;1500.3
1360;17054478;Contrato;1500.3
1361;17054478;Contrato;1500.3
1362;17054478;Efetivo;3500.7
1363;17054478;Efetivo;3500.7
1364;17054478;Contrato;1500.3
1365;17054478;Efetivo;3500.7
1366;17054478;Contrato;1500.3
1367;17054478;Contrato;1500.3
1368;17054478;Contrato;1500.3
1369;17054478;Contrato;1500.3
1370;17054478;Contrato;1500.3
1371;17054478;Efetivo;3500.7
1372;17054478;Contrato;1500.3
1373;17054478;Contrato;1500.3
1374;17054478;Contrato;1500.3
1375;17054478;Efetivo;3500.7
1376;17054478;Contrato;1500.3
1377;17054478;Contrato;1500.3
1378;17054478;Efetivo;3500.7
1379;17054478;Contrato;1500.3
1380;17054478;Efetivo;3500.7
1381;17054478;Contrato;1500.3
1382;17054478;Contrato;1500.3
1383;17054478;Efetivo;3500.7
1384;17054478;Contrato;1500.3
1385;17054478;Contrato;1500.3
1386;17054478;Contrato;1500.3
1387;17054478;Efetivo;3500.7
1388;17054478;Contrato;1500.3
1389;17054478;Contrato;1500.3
1390;17054478;Efetivo;3500.7
1391;17054478;Contrato;1500.3
1392;17054478;Contrato;1500.3
1393;17054478;Efetivo;3500.7
1394;17054478;Contrato;1500.3
1395;17053080;Contrato;1500.3
1396;17053080;Efetivo;3500.7
1397;17053080;Efetivo;3500.7
1398;17053080;Contrato;1500.3
1399;17053080;Contrato;1500.3
1400;17053080;Contrato;1500.3
1401;17053080;Contrato;1500.3
1402;17053080;Contrato;1500.3
1403;17053080;Efetivo;3500.7
1404;17053080;Efetivo;3500.7
1405;17053080;Efetivo;3500.7
1406;17053080;Efetivo;3500.7
1407;17053080;Efetivo;3500.7
1408;17053080;Contrato;1500.3
1409;17053080;Contrato;1500.3
1410;17053080;Contrato;1500.3
1411;17053080;Efetivo;3500.7
1412;17053080;Efetivo;3500.7
1413;17053080;Contrato;1500.3
1414;17053080;Efetivo;3500.7
1415;17053080;Contrato;1500.3
1416;17053080;Contrato;1500.3
1417;17053080;Efetivo;3500.7
1418;17053080;Contrato;1500.3
1419;17053080;Contrato;1500.3
1420;17053080;Efetivo;3500.7
1421;17053080;Contrato;1500.3
1422;17053080;Contrato;1500.3
1423;17053080;Contrato;1500.3
1424;17053080;Contrato;1500.3
1425;17053080;Efetivo;3500.7
1426;17053080;Efetivo;3500.7
1427;17053080;Efetivo;3500.7
1428;17053080;Efetivo;3500.7
1429;17053080;Efetivo;3500.7
1430;17053080;Contrato;1500.3
1431;17053080;Contrato;1500.3
1432;17053080;Efetivo;3500.7
1433;17053080;Contrato;1500.3
1434;17053080;Efetivo;3500.7
1435;17053080;Efetivo;3500.7
1436;17053080;Contrato;1500.3
1437;17053080;Efetivo;3500.7
1438;17053080;Efetivo;3500.7
1439;17053080;Contrato;1500.3
1440;17053080;Efetivo;3500.7
1441;17053080;Contrato;1500.3
1442;17053080;Efetivo;3500.7
1443;17053080;Efetivo;3500.7
1444;17053080;Efetivo;3500.7
1445;17053080;Efetivo;3500.7
1446;17053080;Contrato;1500.3
1447;17053080;Contrato;1500.3
1448;17053080;Contrato;1500.3
1449;17053080;Contrato;1500.3
1450;17053080;Contrato;1500.3
1451;17053080;Contrato;1500.3
1452;17053080;Efetivo;3500.7
1453;17053080;Contrato;1500.3
1454;17005850;Contrato;1500.3
1455;17005850;Contrato;1500.3
1456;17005850;Efetivo;3500.7
1457;17005850;Contrato;1500.3
1458;17005850;Contrato;1500.3
1459;17005850;Contrato;1500.3
1460;17005850;Efetivo;3500.7
1461;17005850;Efetivo;3500.7
1462;17005850;Contrato;1500.3
1463;17005850;Contrato;1500.3
1464;17005850;Contrato;1500.3
1465;17005850;Efetivo;3500.7
1466;17005850;Contrato;1500.3
1467;17005850;Efetivo;3500.7
1468;17005850;Contrato;1500.3
1469;17005850;Contrato;1500.3
1470;17005850;Contrato;1500.3
1471;17005850;Contrato;1500.3
1472;17005850;Efetivo;3500.7
1473;17005850;Efetivo;3500.7
1474;17005850;Efetivo;3500.7
1475;17005850;Efetivo;3500.7
1476;17005850;Efetivo;3500.7
1477;17005850;Contrato;1500.3
1478;17005850;Contrato;1500.3
1479;17005850;Contrato;1500.3
1480;17005850;Efetivo;3500.7
1481;17005850;Efetivo;3500.7
1482;17005850;Contrato;1500.3
1483;17005850;Contrato;1500.3
1484;17005850;Contrato;1500.3
1485;17005850;Contrato;1500.3
1486;17005850;Contrato;1500.3
1487;17005850;Efetivo;3500.7
1488;17005850;Efetivo;3500.7
1489;17005850;Contrato;1500.3
1490;17005850;Efetivo;3500.7
1491;17005850;Efetivo;3500.7
1492;17005850;Contrato;1500.3
1493;17005850;Contrato;1500.3
1494;17005850;Contrato;1500.3
1495;17005850;Contrato;1500.3
1496;17005850;Contrato;1500.3
1497;17005850;Contrato;1500.3
1498;17005981;Efetivo;3500.7
1499;17005981;Contrato;1500.3
1500;17005981;Efetivo;3500.7
1501;17005981;Contrato;1500.3
1502;17005981;Contrato;1500.3
1503;17005981;Contrato;1500.3
1504;17005981;Contrato;1500.3
1505;17005981;Contrato;1500.3
1506;17005981;Efetivo;3500.7
1507;17005981;Efetivo;3500.7
1508;17005981;Contrato;1500.3
1509;17005981;Contrato;1500.3
1510;17005981;Contrato;1500.3
1511;17005981;Contrato;1500.3
1512;17005981;Contrato;1500.3
1513;17005981;Contrato;1500.3
1514;17005981;Contrato;1500.3
1515;17005981;Efetivo;3500.7
1516;17005981;Efetivo;3500.7
1517;17005981;Contrato;1500.3
1518;17005981;Efetivo;3500.7
1519;17005981;Contrato;1500.3
1520;17005981;Contrato;1500.3
1521;17005981;Efetivo;3500.7
1522;17005981;Contrato;1500.3
1523;17005981;Efetivo;3500.7
1524;17005981;Contrato;1500.3
1525;17005981;Contrato;1500.3
1526;17005981;Contrato;1500.3
1527;17005981;Efetivo;3500.7
1528;17005981;Efetivo;3500.7
1529;17005981;Efetivo;3500.7
1530;17005981;Contrato;1500.3
1531;17005981;Contrato;1500.3
1532;17005981;Contrato;1500.3
1533;17005981;Efetivo;3500.7
1534;17005981;Contrato;1500.3
1535;17005981;Efetivo;3500.7
1536;17005981;Efetivo;3500.7
1537;17005981;Efetivo;3500.7
1538;17005981;Contrato;1500.3
1539;17005981;Contrato;1500.3
1540;17005981;Contrato;1500.3
1541;17005981;Contrato;1500.3
1542;17005981;Efetivo;3500.7
1543;17005981;Contrato;1500.3
1544;17005361;Efetivo;3500.7
1545;17005361;Contrato;1500.3
1546;17005361;Contrato;1500.3
1547;17005361;Contrato;1500.3
1548;17005361;Efetivo;3500.7
1549;17005361;Efetivo;3500.7
1550;17005361;Efetivo;3500.7
1551;17005361;Contrato;1500.3
1552;17005361;Contrato;1500.3
1553;17005361;Efetivo;3500.7
1554;17005361;Contrato;1500.3
1555;17005361;Contrato;1500.3
1556;17005361;Efetivo;3500.7
1557;17005361;Contrato;1500.3
1558;17005361;Contrato;1500.3
1559;17005361;Efetivo;3500.7
1560;17005361;Efetivo;3500.7
1561;17005361;Efetivo;3500.7
1562;17005361;Contrato;1500.3
1563;17005361;Efetivo;3500.7
1564;17005361;Efetivo;3500.7
1565;17005361;Contrato;1500.3
1566;17005884;Efetivo;3500.7
1567;17005884;Contrato;1500.3
1568;17005884;Contrato;1500.3
1569;17005884;Efetivo;3500.7
1570;17005884;Contrato;1500.3
1571;17005884;Efetivo;3500.7
1572;17005884;Efetivo;3500.7
1573;17005884;Contrato;1500.3
1574;17005884;Contrato;1500.3
1575;17005884;Contrato;1500.3
1576;17005884;Contrato;1500.3
1577;17005884;Contrato;1500.3
1578;17005884;Contrato;1500.3
1579;17005884;Contrato;1500.3
1580;17005884;Contrato;1500.3
1581;17005884;Efetivo;3500.7
1582;17005884;Contrato;1500.3
1583;17005884;Contrato;1500.3
1584;17005884;Efetivo;3500.7
1585;17005884;Efetivo;3500.7
1586;17005884;Contrato;1500.3
1587;17005884;Efetivo;3500.7
1588;17005884;Efetivo;3500.7
1589;17005884;Contrato;1500.3
1590;17005884;Efetivo;3500.7
1591;17005884;Contrato;1500.3
1592;17005884;Efetivo;3500.7
1593;17005884;Contrato;1500.3
1594;17005884;Efetivo;3500.7
1595;17005884;Contrato;1500.3
1596;17005884;Efetivo;3500.7
1597;17005884;Contrato;1500.3
1598;17005884;Efetivo;3500.7
1599;17005884;Contrato;1500.3
1600;17005884;Efetivo;3500.7
1601;17005884;Efetivo;3500.7
1602;17006155;Contrato;1500.3
1603;17006155;Contrato;1500.3
1604;17006155;Contrato;1500.3
1605;17006155;Contrato;1500.3
1606;17006155;Efetivo;3500.7
1607;17006155;Contrato;1500.3
1608;17006155;Efetivo;3500.7
1609;17006155;Contrato;1500.3
1610;17006155;Contrato;1500.3
1611;17006155;Contrato;1500.3
1612;17006155;Contrato;1500.3
1613;17006155;Contrato;1500.3
1614;17006155;Contrato;1500.3
1615;17006155;Efetivo;3500.7
1616;17006155;Contrato;1500.3
1617;17006155;Contrato;1500.3
1618;17006155;Contrato;1500.3
1619;17006155;Efetivo;3500.7
1620;17006155;Efetivo;3500.7
1621;17006155;Contrato;1500.3
1622;17006155;Efetivo;3500.7
1623;17006155;Contrato;1500.3
1624;17006155;Contrato;1500.3
1625;17006155;Efetivo;3500.7
1626;17056330;Contrato;1500.3
1627;17056330;Contrato;1500.3
1628;17056330;Contrato;1500.3
1629;17056330;Contrato;1500.3
1630;17056330;Efetivo;3500.7
1631;17056330;Contrato;1500.3
1632;17056330;Contrato;1500.3
1633;17056330;Efetivo;3500.7
1634;17056330;Contrato;1500.3
1635;17056330;Contrato;1500.3
1636;17056330;Efetivo;3500.7
1637;17056330;Efetivo;3500.7
1638;17056330;Efetivo;3500.7
1639;17056330;Efetivo;3500.7
1640;17056330;Efetivo;3500.7
1641;17056330;Efetivo;3500.7
1642;17056330;Efetivo;3500.7
1643;17056330;Contrato;1500.3
1644;17056330;Efetivo;3500.7
1645;17056330;Contrato;1500.3
1646;17056330;Efetivo;3500.7
1647;17056330;Contrato;1500.3
1648;17056330;Contrato;1500.3
1649;17056330;Contrato;1500.3
1650;17056330;Contrato;1500.3
1651;17056330;Efetivo;3500.7
1652;17056330;Contrato;1500.3
1653;17056330;Contrato;1500.3
1654;17056330;Contrato;1500.3
1655;17056330;Contrato;1500.3
1656;17056330;Efetivo;3500.7
1657;17056330;Efetivo;3500.7
1658;17056330;Contrato;1500.3
1659;17056330;Efetivo;3500.7
1660;17056330;Contrato;1500.3
1661;17056330;Contrato;1500.3
1662;17056330;Contrato;1500.3
1663;17056330;Contrato;1500.3
1664;17056330;Efetivo;3500.7
1665;17056330;Contrato;1500.3
1666;17056330;Efetivo;3500.7
1667;17056330;Contrato;1500.3
1668;17056330;Contrato;1500.3
1669;17056330;Contrato;1500.3
1670;17056330;Contrato;1500.3
1671;17056330;Contrato;1500.3
1672;17056330;Efetivo;3500.7
1673;17056330;Efetivo;3500.7
1674;17056330;Contrato;1500.3
1675;17056330;Efetivo;3500.7
1676;17056330;Contrato;1500.3
1677;17056330;Contrato;1500.3
1678;17005760;Contrato;1500.3
1679;17005760;Efetivo;3500.7
1680;17005760;Efetivo;3500.7
1681;17005760;Contrato;1500.3
1682;17005760;Contrato;1500.3
1683;17005760;Contrato;1500.3
1684;17005760;Efetivo;3500.7
1685;17005760;Contrato;1500.3
1686;17005760;Efetivo;3500.7
1687;17005760;Efetivo;3500.7
1688;17005760;Efetivo;3500.7
1689;17005760;Efetivo;3500.7
1690;17005760;Contrato;1500.3
1691;17005760;Contrato;1500.3
1692;17005760;Contrato;1500.3
1693;17005760;Contrato;1500.3
1694;17005760;Contrato;1500.3
1695;17005760;Efetivo;3500.7
1696;17005760;Contrato;1500.3
1697;17005760;Contrato;1500.3
1698;17005760;Efetivo;3500.7
1699;17005760;Contrato;1500.3
1700;17005760;Efetivo;3500.7
1701;17005760;Efetivo;3500.7
1702;17005760;Contrato;1500.3
1703;17005760;Contrato;1500.3
1704;17005760;Contrato;1500.3
1705;17005760;Contrato;1500.3
1706;17005760;Contrato;1500.3
1707;17005760;Efetivo;3500.7
1708;17005760;Efetivo;3500.7
1709;17005760;Efetivo;3500.7
1710;17005760;Contrato;1500.3
1711;17005760;Efetivo;3500.7
1712;17005760;Efetivo;3500.7
1713;17005760;Efetivo;3500.7
1714;17005760;Efetivo;3500.7
1715;17005760;Efetivo;3500.7
1716;17005760;Contrato;1500.3
1717;17005760;Efetivo;3500.7
1718;17005760;Efetivo;3500.7
1719;17005760;Efetivo;3500.7
1720;17005760;Contrato;1500.3
1721;17005760;Contrato;1500.3
1722;17005760;Efetivo;3500.7
1723;17005760;Contrato;1500.3
1724;17005760;Contrato;1500.3
1725;17005760;Efetivo;3500.7
1726;17005760;Contrato;1500.3
1727;17005760;Efetivo;3500.7
1728;17005760;Efetivo;3500.7
1729;17056047;Efetivo;3500.7
1730;17056047;Contrato;1500.3
1731;17056047;Efetivo;3500.7
1732;17056047;Efetivo;3500.7
1733;17056047;Contrato;1500.3
1734;17056047;Efetivo;3500.7
1735;17056047;Contrato;1500.3
1736;17056047;Efetivo;3500.7
1737;17056047;Contrato;1500.3
1738;17056047;Contrato;1500.3
1739;17056047;Contrato;1500.3
1740;17056047;Contrato;1500.3
1741;17056047;Efetivo;3500.7
1742;17056047;Efetivo;3500.7
1743;17056047;Contrato;1500.3
1744;17056047;Contrato;1500.3
1745;17056047;Contrato;1500.3
1746;17056047;Efetivo;3500.7
1747;17056047;Contrato;1500.3
1748;17056047;Efetivo;3500.7
1749;17056047;Contrato;1500.3
1750;17056047;Efetivo;3500.7
1751;17056047;Contrato;1500.3
1752;17056047;Contrato;1500.3
1753;17056047;Efetivo;3500.7
1754;17056047;Efetivo;3500.7
1755;17056047;Contrato;1500.3
1756;17056047;Contrato;1500.3
1757;17056047;Efetivo;3500.7
1758;17056047;Contrato;1500.3
1759;17056047;Efetivo;3500.7
1760;17056047;Contrato;1500.3
1761;17056047;Efetivo;3500.7
1762;17056047;Efetivo;3500.7
1763;17056047;Efetivo;3500.7
1764;17056047;Contrato;1500.3
1765;17056047;Contrato;1500.3
1766;17056047;Contrato;1500.3
1767;17056047;Contrato;1500.3
1768;17056047;Contrato;1500.3
1769;17056047;Contrato;1500.3
1770;17056047;Contrato;1500.3
1771;17056047;Contrato;1500.3
1772;17056047;Efetivo;3500.7
1773;17056047;Contrato;1500.3
1774;17056047;Contrato;1500.3
1775;17056047;Contrato;1500.3
1776;17056047;Contrato;1500.3
1777;17056047;Efetivo;3500.7
1778;17056047;Efetivo;3500.7
1779;17056047;Efetivo;3500.7
1780;17056047;Contrato;1500.3
1781;17056047;Contrato;1500.3
1782;17056047;Contrato;1500.3
1783;17056047;Contrato;1500.3
1784;17056047;Efetivo;3500.7
1785;17056047;Contrato;1500.3
1786;17056047;Efetivo;3500.7
1787;17056047;Contrato;1500.3
1788;17056047;Contrato;1500.3
1789;17056047;Efetivo;3500.7
1790;17056047;Contrato;1500.3
1791;17056047;Contrato;1500.3
1792;17056047;Contrato;1500.3
1793;17056047;Contrato;1500.3
1794;17056047;Contrato;1500.3
1795;17056047;Efetivo;3500.7
1796;17056047;Efetivo;3500.7
1797;17056047;Efetivo;3500.7
1798;17056047;Contrato;1500.3
1799;17056047;Efetivo;3500.7
1800;17056047;Efetivo;3500.7
1801;17056047;Efetivo;3500.7
1802;17056047;Efetivo;3500.7
1803;17056047;Contrato;1500.3
1804;17056047;Contrato;1500.3
1805;17056047;Contrato;1500.3
1806;17056047;Contrato;1500.3
1807;17056047;Efetivo;3500.7
1808;17056047;Contrato;1500.3
1809;17056047;Contrato;1500.3
1810;17056047;Contrato;1500.3
1811;17056047;Efetivo;3500.7
1812;17056047;Efetivo;3500.7
1813;17056047;Efetivo;3500.7
1814;17056047;Efetivo;3500.7
1815;17056047;Contrato;1500.3
1816;17005825;Contrato;1500.3
1817;17005825;Contrato;1500.3
1818;17005825;Contrato;1500.3
1819;17005825;Efetivo;3500.7
1820;17005825;Efetivo;3500.7
1821;17005825;Contrato;1500.3
1822;17005825;Contrato;1500.3
1823;17005825;Contrato;1500.3
1824;17005825;Contrato;1500.3
1825;17005825;Contrato;1500.3
1826;17005825;Contrato;1500.3
1827;17005825;Contrato;1500.3
1828;17005825;Efetivo;3500.7
1829;17005825;Contrato;1500.3
1830;17005825;Efetivo;3500.7
1831;17005825;Efetivo;3500.7
1832;17005825;Efetivo;3500.7
1833;17005825;Contrato;1500.3
1834;17005825;Contrato;1500.3
1835;17005825;Efetivo;3500.7
1836;17005825;Efetivo;3500.7
1837;17005825;Contrato;1500.3
1838;17005825;Contrato;1500.3
1839;17005825;Efetivo;3500.7
1840;17005825;Contrato;1500.3
1841;17005825;Contrato;1500.3
1842;17005825;Contrato;1500.3
1843;17005825;Efetivo;3500.7
1844;17005825;Contrato;1500.3
1845;17005825;Efetivo;3500.7
1846;17005825;Contrato;1500.3
1847;17005825;Efetivo;3500.7
1848;17005825;Contrato;1500.3
1849;17005825;Contrato;1500.3
1850;17005825;Contrato;1500.3
1851;17005825;Contrato;1500.3
1852;17005825;Contrato;1500.3
1853;17005825;Efetivo;3500.7
1854;17005825;Contrato;1500.3
1855;17005825;Efetivo;3500.7
1856;17005825;Efetivo;3500.7
1857;17005825;Contrato;1500.3
1858;17005825;Efetivo;3500.7
1859;17005825;Efetivo;3500.7
1860;17005949;Efetivo;3500.7
1861;17005949;Contrato;1500.3
1862;17005949;Efetivo;3500.7
1863;17005949;Contrato;1500.3
1864;17005949;Efetivo;3500.7
1865;17005949;Contrato;1500.3
1866;17005949;Efetivo;3500.7
1867;17005949;Contrato;1500.3
1868;17005949;Efetivo;3500.7
1869;17005949;Contrato;1500.3
1870;17005949;Contrato;1500.3
1871;17005949;Contrato;1500.3
1872;17005949;Contrato;1500.3
1873;17005949;Contrato;1500.3
1874;17005949;Efetivo;3500.7
1875;17005949;Efetivo;3500.7
1876;17005949;Contrato;1500.3
1877;17005949;Contrato;1500.3
1878;17005949;Contrato;1500.3
1879;17005949;Contrato;1500.3
1880;17005949;Contrato;1500.3
1881;17005949;Contrato;1500.3
1882;17005949;Efetivo;3500.7
1883;17005949;Efetivo;3500.7
1884;17005949;Contrato;1500.3
1885;17005949;Contrato;1500.3
1886;17005949;Contrato;1500.3
1887;17005949;Contrato;1500.3
1888;17005949;Efetivo;3500.7
1889;17005949;Contrato;1500.3
1890;17005949;Contrato;1500.3
1891;1;Contrato;1500.3
1892;1;Contrato;1500.3
1893;1;Contrato;1500.3
1894;1;Efetivo;3500.7
1895;1;Contrato;1500.3
1896;1;Contrato;1500.3
1897;1;Contrato;1500.3
1898;1;Contrato;1500.3
1899;1;Contrato;1500.3
1900;1;Efetivo;3500.7
1901;1;Contrato;1500.3
1902;1;Efetivo;3500.7
1903;1;Efetivo;3500.7
1904;1;Efetivo;3500.7
1905;1;Contrato;1500.3
1906;1;Efetivo;3500.7
1907;1;Contrato;1500.3
1908;1;Efetivo;3500.7
1909;1;Contrato;1500.3
1910;1;Contrato;1500.3
1911;1;Efetivo;3500.7
1912;1;Contrato;1500.3
1913;1;Contrato;1500.3
1914;1;Contrato;1500.3
1915;1;Contrato;1500.3
1916;1;Efetivo;3500.7
1917;1;Contrato;1500.3
1918;1;Contrato;1500.3
1919;1;Efetivo;3500.7
1920;1;Contrato;1500.3
1921;1;Contrato;1500.3
1922;1;Contrato;1500.3
1923;1;Contrato;1500.3
1924;1;Contrato;1500.3
1925;1;Efetivo;3500.7
1926;1;Contrato;1500.3
1927;1;Contrato;1500.3
1928;1;Contrato;1500.3
1929;1;Contrato;1500.3
1930;1;Efetivo;3500.7
1931;1;Contrato;1500.3
1932;1;Contrato;1500.3
1933;1;Contrato;1500.3
1934;1;Efetivo;3500.7
1935;1;Contrato;1500.3
1936;1;Contrato;1500.3
1937;1;Efetivo;3500.7
1938;1;Contrato;1500.3
1939;1;Efetivo;3500.7
1940;1;Contrato;1500.3
1941;1;Contrato;1500.3
1942;1;Contrato;1500.3
1943;1;Efetivo;3500.7
1944;1;Contrato;1500.3
1945;1;Contrato;1500.3
1946;1;Contrato;1500.3
1947;1;Contrato;1500.3
1948;1;Efetivo;3500.7
1949;1;Contrato;1500.3
1950;1;Efetivo;3500.7
1951;1;Efetivo;3500.7
1952;1;Efetivo;3500.7
1953;1;Efetivo;3500.7
1954;1;Contrato;1500.3
1955;1;Efetivo;3500.7
1956;1;Contrato;1500.3
1957;1;Contrato;1500.3
1958;1;Contrato;1500.3
1959;1;Contrato;1500.3
1960;1;Efetivo;3500.7
1961;1;Efetivo;3500.7
1962;2;Contrato;1500.3
1963;2;Efetivo;3500.7
1964;2;Contrato;1500.3
1965;2;Efetivo;3500.7
1966;2;Efetivo;3500.7
1967;2;Efetivo;3500.7
1968;2;Efetivo;3500.7
1969;2;Contrato;1500.3
1970;2;Efetivo;3500.7
1971;2;Contrato;1500.3
1972;2;Efetivo;3500.7
1973;2;Contrato;1500.3
1974;2;Efetivo;3500.7
1975;2;Contrato;1500.3
1976;2;Contrato;1500.3
1977;2;Contrato;1500.3
1978;2;Contrato;1500.3
1979;2;Contrato;1500.3
1980;2;Contrato;1500.3
1981;2;Contrato;1500.3
1982;2;Contrato;1500.3
1983;2;Contrato;1500.3
1984;2;Contrato;1500.3
1985;2;Contrato;1500.3
1986;2;Contrato;1500.3
1987;2;Contrato;1500.3
1988;2;Contrato;1500.3
1989;2;Contrato;1500.3
1990;2;Contrato;1500.3
1991;2;Efetivo;3500.7
1992;2;Contrato;1500.3
1993;2;Contrato;1500.3
1994;2;Efetivo;3500.7
1995;2;Contrato;1500.3
1996;2;Efetivo;3500.7
1997;2;Contrato;1500.3
1998;2;Efetivo;3500.7
1999;2;Efetivo;3500.7
2000;2;Contrato;1500.3
2001;2;Contrato;1500.3
2002;2;Efetivo;3500.7
2003;2;Efetivo;3500.7
2004;2;Efetivo;3500.7
2005;2;Efetivo;3500.7
2006;2;Contrato;1500.3
2007;2;Contrato;1500.3
2008;2;Contrato;1500.3
2009;2;Efetivo;3500.7
2010;2;Contrato;1500.3
2011;2;Efetivo;3500.7
2012;2;Contrato;1500.3
2013;2;Contrato;1500.3
2014;2;Contrato;1500.3
2015;2;Contrato;1500.3
2016;2;Contrato;1500.3
2017;2;Contrato;1500.3
2018;2;Efetivo;3500.7
2019;2;Contrato;1500.3
2020;2;Efetivo;3500.7
2021;2;Contrato;1500.3
2022;2;Contrato;1500.3
2023;2;Efetivo;3500.7
2024;2;Efetivo;3500.7
2025;2;Contrato;1500.3
2026;2;Efetivo;3500.7
2027;2;Contrato;1500.3
2028;2;Efetivo;3500.7
2029;2;Contrato;1500.3
2030;2;Efetivo;3500.7
2031;2;Efetivo;3500.7
2032;2;Contrato;1500.3
2033;2;Efetivo;3500.7
2034;2;Efetivo;3500.7
2035;2;Contrato;1500.3
2036;3;Efetivo;3500.7
2037;3;Efetivo;3500.7
2038;3;Efetivo;3500.7
2039;3;Contrato;1500.3
2040;3;Efetivo;3500.7
2041;3;Efetivo;3500.7
2042;3;Efetivo;3500.7
2043;3;Efetivo;3500.7
2044;3;Efetivo;3500.7
2045;3;Contrato;1500.3
2046;3;Contrato;1500.3
2047;3;Contrato;1500.3
2048;3;Efetivo;3500.7
2049;3;Contrato;1500.3
2050;3;Contrato;1500.3
2051;3;Contrato;1500.3
2052;3;Contrato;1500.3
2053;3;Contrato;1500.3
2054;3;Efetivo;3500.7
2055;3;Efetivo;3500.7
2056;3;Contrato;1500.3
2057;3;Contrato;1500.3
2058;3;Contrato;1500.3
2059;3;Efetivo;3500.7
2060;3;Contrato;1500.3
2061;3;Contrato;1500.3
2062;3;Efetivo;3500.7
2063;3;Contrato;1500.3
2064;3;Contrato;1500.3
2065;3;Efetivo;3500.7
2066;3;Contrato;1500.3
2067;3;Efetivo;3500.7
2068;3;Contrato;1500.3
2069;3;Contrato;1500.3
2070;3;Efetivo;3500.7
2071;3;Efetivo;3500.7
2072;3;Efetivo;3500.7
2073;3;Contrato;1500.3
2074;3;Efetivo;3500.7
2075;3;Contrato;1500.3
2076;3;Contrato;1500.3
2077;3;Efetivo;3500.7
2078;3;Efetivo;3500.7
2079;3;Efetivo;3500.7
2080;3;Contrato;1500.3
2081;3;Efetivo;3500.7
2082;3;Contrato;1500.3
2083;3;Contrato;1500.3
2084;3;Contrato;1500.3
2085;3;Contrato;1500.3
2086;3;Contrato;1500.3
2087;3;Contrato;1500.3
2088;3;Efetivo;3500.7
2089;3;Efetivo;3500.7
2090;3;Contrato;1500.3
2091;3;Contrato;1500.3
2092;3;Contrato;1500.3
2093;3;Efetivo;3500.7
2094;3;Contrato;1500.3
2095;4;Efetivo;3500.7
2096;4;Efetivo;3500.7
2097;4;Contrato;1500.3
2098;4;Efetivo;3500.7
2099;4;Contrato;1500.3
2100;4;Contrato;1500.3
2101;4;Contrato;1500.3
2102;4;Contrato;1500.3
2103;4;Contrato;1500.3
2104;4;Contrato;1500.3
2105;4;Efetivo;3500.7
2106;4;Contrato;1500.3
2107;4;Contrato;1500.3
2108;4;Contrato;1500.3
2109;4;Contrato;1500.3
2110;4;Contrato;1500.3
2111;4;Contrato;1500.3
2112;4;Efetivo;3500.7
2113;4;Efetivo;3500.7
2114;4;Contrato;1500.3
2115;4;Contrato;1500.3
2116;4;Efetivo;3500.7
2117;4;Contrato;1500.3
2118;4;Efetivo;3500.7
2119;4;Contrato;1500.3
2120;4;Contrato;1500.3
2121;4;Efetivo;3500.7
2122;4;Contrato;1500.3
2123;4;Efetivo;3500.7
2124;4;Contrato;1500.3
2125;4;Contrato;1500.3
2126;4;Contrato;1500.3
2127;4;Contrato;1500.3
2128;4;Efetivo;3500.7
2129;4;Contrato;1500.3
2130;4;Efetivo;3500.7
2131;4;Contrato;1500.3
2132;4;Efetivo;3500.7
2133;4;Contrato;1500.3
2134;4;Efetivo;3500.7
2135;4;Efetivo;3500.7
2136;4;Efetivo;3500.7
2137;4;Contrato;1500.3
2138;4;Contrato;1500.3
2139;4;Efetivo;3500.7
2140;4;Efetivo;3500.7
2141;4;Contrato;1500.3
2142;4;Efetivo;3500.7
2143;4;Contrato;1500.3
2144;4;Contrato;1500.3
2145;4;Contrato;1500.3
2146;4;Efetivo;3500.7
2147;4;Contrato;1500.3
2148;4;Contrato;1500.3
2149;5;Efetivo;3500.7
2150;5;Contrato;1500.3
2151;5;Contrato;1500.3
2152;5;Contrato;1500.3
2153;5;Efetivo;3500.7
2154;5;Contrato;1500.3
2155;5;Contrato;1500.3
2156;5;Contrato;1500.3
2157;5;Efetivo;3500.7
2158;5;Contrato;1500.3
2159;5;Contrato;1500.3
2160;5;Efetivo;3500.7
2161;5;Efetivo;3500.7
2162;5;Efetivo;3500.7
2163;5;Contrato;1500.3
2164;5;Efetivo;3500.7
2165;5;Contrato;1500.3
2166;5;Efetivo;3500.7
2167;5;Efetivo;3500.7
2168;5;Contrato;1500.3
2169;5;Efetivo;3500.7
2170;5;Contrato;1500.3
2171;5;Contrato;1500.3
2172;5;Contrato;1500.3
2173;5;Contrato;1500.3
2174;5;Contrato;1500.3
2175;5;Efetivo;3500.7
2176;5;Contrato;1500.3
2177;5;Contrato;1500.3
2178;5;Contrato;1500.3
2179;5;Efetivo;3500.7
2180;5;Contrato;1500.3
2181;5;Contrato;1500.3
2182;5;Contrato;1500.3
2183;5;Contrato;1500.3
2184;5;Contrato;1500.3
2185;5;Efetivo;3500.7
2186;5;Contrato;1500.3
2187;5;Contrato;1500.3
2188;5;Contrato;1500.3
2189;5;Contrato;1500.3
2190;5;Contrato;1500.3
2191;5;Contrato;1500.3
2192;5;Contrato;1500.3
2193;5;Efetivo;3500.7
2194;5;Efetivo;3500.7
2195;5;Contrato;1500.3
2196;5;Contrato;1500.3
2197;5;Efetivo;3500.7
2198;5;Contrato;1500.3
2199;5;Contrato;1500.3
2200;5;Contrato;1500.3
2201;5;Contrato;1500.3
2202;5;Contrato;1500.3
2203;5;Efetivo;3500.7
2204;5;Contrato;1500.3
2205;5;Contrato;1500.3
2206;5;Contrato;1500.3
2207;5;Contrato;1500.3
2208;5;Contrato;1500.3
2209;5;Contrato;1500.3
2210;5;Contrato;1500.3
2211;5;Efetivo;3500.7
2212;5;Efetivo;3500.7
2213;5;Efetivo;3500.7
2214;5;Efetivo;3500.7
2215;5;Contrato;1500.3
2216;5;Efetivo;3500.7
2217;5;Contrato;1500.3
2218;5;Efetivo;3500.7
2219;5;Contrato;1500.3
2220;5;Contrato;1500.3
2221;5;Efetivo;3500.7
2222;5;Efetivo;3500.7
2223;5;Contrato;1500.3
2224;5;Efetivo;3500.7
2225;5;Efetivo;3500.7
2226;5;Efetivo;3500.7
2227;5;Efetivo;3500.7
2228;5;Efetivo;3500.7
2229;5;Contrato;1500.3
2230;6;Efetivo;3500.7
2231;6;Contrato;1500.3
2232;6;Contrato;1500.3
2233;6;Contrato;1500.3
2234;6;Contrato;1500.3
2235;6;Efetivo;3500.7
2236;6;Efetivo;3500.7
2237;6;Contrato;1500.3
2238;6;Contrato;1500.3
2239;6;Contrato;1500.3
2240;6;Contrato;1500.3
2241;6;Efetivo;3500.7
2242;6;Contrato;1500.3
2243;6;Contrato;1500.3
2244;6;Efetivo;3500.7
2245;6;Contrato;1500.3
2246;6;Contrato;1500.3
2247;6;Contrato;1500.3
2248;6;Contrato;1500.3
2249;6;Efetivo;3500.7
2250;6;Contrato;1500.3
2251;6;Contrato;1500.3
2252;6;Contrato;1500.3
2253;6;Efetivo;3500.7
2254;6;Contrato;1500.3
2255;6;Efetivo;3500.7
2256;6;Efetivo;3500.7
2257;6;Efetivo;3500.7
2258;6;Efetivo;3500.7
2259;6;Contrato;1500.3
2260;6;Efetivo;3500.7
2261;6;Efetivo;3500.7
2262;6;Efetivo;3500.7
2263;6;Efetivo;3500.7
2264;6;Efetivo;3500.7
2265;6;Efetivo;3500.7
2266;6;Efetivo;3500.7
2267;6;Contrato;1500.3
2268;6;Efetivo;3500.7
2269;6;Contrato;1500.3
2270;6;Contrato;1500.3
2271;6;Contrato;1500.3
2272;6;Efetivo;3500.7
2273;6;Efetivo;3500.7
2274;6;Efetivo;3500.7
2275;6;Contrato;1500.3
2276;6;Contrato;1500.3
2277;6;Contrato;1500.3
2278;6;Contrato;1500.3
2279;6;Efetivo;3500.7
2280;6;Efetivo;3500.7
2281;6;Contrato;1500.3
2282;6;Efetivo;3500.7
2283;6;Efetivo;3500.7
2284;6;Contrato;1500.3
2285;6;Contrato;1500.3
2286;6;Efetivo;3500.7
2287;6;Contrato;1500.3
2288;6;Contrato;1500.3
2289;6;Efetivo;3500.7
2290;6;Contrato;1500.3
2291;6;Efetivo;3500.7
2292;6;Efetivo;3500.7
2293;6;Efetivo;3500.7
2294;6;Contrato;1500.3
2295;6;Contrato;1500.3
2296;7;Contrato;1500.3
2297;7;Efetivo;3500.7
2298;7;Efetivo;3500.7
2299;7;Contrato;1500.3
2300;7;Efetivo;3500.7
2301;7;Contrato;1500.3
2302;7;Contrato;1500.3
2303;7;Contrato;1500.3
2304;7;Contrato;1500.3
2305;7;Contrato;1500.3
2306;7;Contrato;1500.3
2307;7;Contrato;1500.3
2308;7;Contrato;1500.3
2309;7;Efetivo;3500.7
2310;7;Contrato;1500.3
2311;7;Efetivo;3500.7
2312;7;Contrato;1500.3
2313;7;Contrato;1500.3
2314;7;Contrato;1500.3
2315;7;Efetivo;3500.7
2316;7;Efetivo;3500.7
2317;7;Efetivo;3500.7
2318;7;Efetivo;3500.7
2319;7;Contrato;1500.3
2320;7;Contrato;1500.3
2321;7;Contrato;1500.3
2322;7;Contrato;1500.3
2323;7;Contrato;1500.3
2324;7;Efetivo;3500.7
2325;7;Contrato;1500.3
2326;7;Efetivo;3500.7
2327;7;Contrato;1500.3
2328;7;Contrato;1500.3
2329;7;Contrato;1500.3
2330;7;Contrato;1500.3
2331;7;Contrato;1500.3
2332;7;Contrato;1500.3
2333;8;Contrato;1500.3
2334;8;Contrato;1500.3
2335;8;Contrato;1500.3
2336;8;Contrato;1500.3
2337;8;Efetivo;3500.7
2338;8;Contrato;1500.3
2339;8;Efetivo;3500.7
2340;8;Contrato;1500.3
2341;8;Efetivo;3500.7
2342;8;Efetivo;3500.7
2343;8;Efetivo;3500.7
2344;8;Efetivo;3500.7
2345;8;Contrato;1500.3
2346;8;Efetivo;3500.7
2347;8;Contrato;1500.3
2348;8;Efetivo;3500.7
2349;8;Efetivo;3500.7
2350;8;Contrato;1500.3
2351;8;Contrato;1500.3
2352;8;Efetivo;3500.7
2353;8;Contrato;1500.3
2354;8;Contrato;1500.3
2355;8;Contrato;1500.3
2356;8;Contrato;1500.3
2357;8;Contrato;1500.3
2358;8;Contrato;1500.3
2359;8;Contrato;1500.3
2360;8;Contrato;1500.3
2361;8;Contrato;1500.3
2362;8;Efetivo;3500.7
2363;8;Contrato;1500.3
2364;8;Contrato;1500.3
2365;8;Contrato;1500.3
2366;8;Contrato;1500.3
2367;8;Contrato;1500.3
2368;8;Efetivo;3500.7
2369;8;Contrato;1500.3
2370;8;Contrato;1500.3
2371;8;Contrato;1500.3
2372;8;Efetivo;3500.7
2373;8;Efetivo;3500.7
2374;8;Efetivo;3500.7
2375;8;Efetivo;3500.7
2376;8;Efetivo;3500.7
2377;8;Contrato;1500.3
2378;8;Efetivo;3500.7
2379;8;Efetivo;3500.7
2380;8;Contrato;1500.3
2381;8;Efetivo;3500.7
2382;8;Contrato;1500.3
2383;8;Contrato;1500.3
2384;8;Efetivo;3500.7
2385;8;Contrato;1500.3
2386;8;Efetivo;3500.7
2387;8;Contrato;1500.3
2388;8;Efetivo;3500.7
2389;9;Efetivo;3500.7
2390;9;Contrato;1500.3
2391;9;Efetivo;3500.7
2392;9;Efetivo;3500.7
2393;9;Contrato;1500.3
2394;9;Contrato;1500.3
2395;9;Contrato;1500.3
2396;9;Efetivo;3500.7
2397;9;Contrato;1500.3
2398;9;Contrato;1500.3
2399;9;Contrato;1500.3
2400;9;Contrato;1500.3
2401;9;Contrato;1500.3
2402;9;Efetivo;3500.7
2403;9;Contrato;1500.3
2404;9;Contrato;1500.3
2405;9;Efetivo;3500.7
2406;9;Contrato;1500.3
2407;9;Efetivo;3500.7
2408;9;Efetivo;3500.7
2409;9;Efetivo;3500.7
2410;9;Contrato;1500.3
2411;9;Contrato;1500.3
2412;9;Efetivo;3500.7
2413;9;Efetivo;3500.7
2414;9;Efetivo;3500.7
2415;9;Contrato;1500.3
2416;9;Efetivo;3500.7
2417;9;Efetivo;3500.7
2418;9;Contrato;1500.3
2419;9;Efetivo;3500.7
2420;9;Contrato;1500.3
2421;9;Contrato;1500.3
2422;9;Contrato;1500.3
2423;9;Efetivo;3500.7
2424;9;Efetivo;3500.7
2425;9;Contrato;1500.3
2426;9;Contrato;1500.3
2427;9;Contrato;1500.3
2428;9;Efetivo;3500.7
2429;9;Efetivo;3500.7
2430;9;Contrato;1500.3
2431;9;Contrato;1500.3
2432;9;Contrato;1500.3
2433;9;Contrato;1500.3
2434;9;Efetivo;3500.7
2435;9;Contrato;1500.3
2436;10;Contrato;1500.3
2437;10;Contrato;1500.3
2438;10;Contrato;1500.3
2439;10;Efetivo;3500.7
2440;10;Efetivo;3500.7
2441;10;Efetivo;3500.7
2442;10;Contrato;1500.3
2443;10;Efetivo;3500.7
2444;10;Efetivo;3500.7
2445;10;Contrato;1500.3
2446;10;Contrato;1500.3
2447;10;Contrato;1500.3
2448;10;Efetivo;3500.7
2449;10;Contrato;1500.3
2450;10;Efetivo;3500.7
2451;10;Contrato;1500.3
2452;10;Efetivo;3500.7
2453;10;Efetivo;3500.7
2454;10;Contrato;1500.3
2455;10;Contrato;1500.3
2456;10;Contrato;1500.3
2457;10;Contrato;1500.3
2458;10;Efetivo;3500.7
2459;10;Contrato;1500.3
2460;10;Contrato;1500.3
2461;10;Efetivo;3500.7
2462;10;Contrato;1500.3
2463;10;Efetivo;3500.7
2464;10;Contrato;1500.3
2465;10;Efetivo;3500.7
2466;10;Efetivo;3500.7
2467;10;Contrato;1500.3
2468;10;Contrato;1500.3
2469;10;Contrato;1500.3
2470;10;Contrato;1500.3
2471;10;Contrato;1500.3
2472;10;Efetivo;3500.7
2473;10;Efetivo;3500.7
2474;10;Contrato;1500.3
2475;10;Contrato;1500.3
2476;10;Contrato;1500.3
2477;10;Efetivo;3500.7
2478;10;Contrato;1500.3
2479;10;Contrato;1500.3
2480;10;Efetivo;3500.7
2481;10;Contrato;1500.3
2482;10;Contrato;1500.3
2483;10;Contrato;1500.3
2484;10;Contrato;1500.3
2485;10;Contrato;1500.3
2486;10;Contrato;1500.3
2487;10;Efetivo;3500.7
2488;10;Efetivo;3500.7
2489;10;Contrato;1500.3
2490;10;Efetivo;3500.7
2491;10;Contrato;1500.3
2492;10;Contrato;1500.3
2493;10;Contrato;1500.3
2494;10;Contrato;1500.3
2495;10;Efetivo;3500.7
2496;10;Contrato;1500.3
2497;10;Contrato;1500.3
2498;11;Efetivo;3500.7
2499;11;Efetivo;3500.7
2500;11;Contrato;1500.3
2501;11;Contrato;1500.3
2502;11;Contrato;1500.3
2503;11;Contrato;1500.3
2504;11;Efetivo;3500.7
2505;11;Efetivo;3500.7
2506;11;Efetivo;3500.7
2507;11;Contrato;1500.3
2508;11;Contrato;1500.3
2509;11;Efetivo;3500.7
2510;11;Contrato;1500.3
2511;11;Contrato;1500.3
2512;11;Contrato;1500.3
2513;11;Contrato;1500.3
2514;11;Contrato;1500.3
2515;11;Contrato;1500.3
2516;11;Contrato;1500.3
2517;11;Efetivo;3500.7
2518;11;Efetivo;3500.7
2519;11;Efetivo;3500.7
2520;11;Contrato;1500.3
2521;11;Efetivo;3500.7
2522;11;Contrato;1500.3
2523;11;Contrato;1500.3
2524;11;Contrato;1500.3
2525;11;Efetivo;3500.7
2526;11;Contrato;1500.3
2527;11;Contrato;1500.3
2528;11;Efetivo;3500.7
2529;11;Efetivo;3500.7
2530;11;Contrato;1500.3
2531;11;Contrato;1500.3
2532;11;Efetivo;3500.7
2533;11;Contrato;1500.3
2534;11;Contrato;1500.3
2535;11;Contrato;1500.3
2536;11;Contrato;1500.3
2537;11;Contrato;1500.3
2538;11;Contrato;1500.3
2539;11;Contrato;1500.3
2540;11;Contrato;1500.3
2541;11;Efetivo;3500.7
2542;11;Contrato;1500.3
2543;11;Efetivo;3500.7
2544;11;Efetivo;3500.7
2545;11;Contrato;1500.3
2546;11;Efetivo;3500.7
2547;11;Contrato;1500.3
2548;11;Contrato;1500.3
2549;11;Contrato;1500.3
2550;11;Efetivo;3500.7
2551;11;Efetivo;3500.7
2552;11;Efetivo;3500.7
2553;11;Contrato;1500.3
2554;11;Contrato;1500.3
2555;11;Contrato;1500.3
2556;11;Contrato;1500.3
2557;11;Contrato;1500.3
2558;11;Efetivo;3500.7
2559;11;Efetivo;3500.7
2560;11;Contrato;1500.3
2561;11;Contrato;1500.3
2562;11;Efetivo;3500.7
2563;11;Contrato;1500.3
2564;11;Efetivo;3500.7
2565;11;Contrato;1500.3
2566;11;Contrato;1500.3
2567;11;Contrato;1500.3
2568;11;Contrato;1500.3
2569;11;Contrato;1500.3
2570;11;Contrato;1500.3
2571;11;Efetivo;3500.7
2572;11;Contrato;1500.3
2573;11;Efetivo;3500.7
2574;11;Contrato;1500.3
2575;12;Contrato;1500.3
2576;12;Contrato;1500.3
2577;12;Contrato;1500.3
2578;12;Efetivo;3500.7
2579;12;Contrato;1500.3
2580;12;Efetivo;3500.7
2581;12;Efetivo;3500.7
2582;12;Contrato;1500.3
2583;12;Efetivo;3500.7
2584;12;Contrato;1500.3
2585;12;Contrato;1500.3
2586;12;Efetivo;3500.7
2587;12;Contrato;1500.3
2588;12;Efetivo;3500.7
2589;12;Contrato;1500.3
2590;12;Contrato;1500.3
2591;12;Efetivo;3500.7
2592;12;Efetivo;3500.7
2593;12;Contrato;1500.3
2594;12;Contrato;1500.3
2595;12;Contrato;1500.3
2596;12;Efetivo;3500.7
2597;12;Contrato;1500.3
2598;12;Efetivo;3500.7
2599;12;Efetivo;3500.7
2600;12;Contrato;1500.3
2601;12;Efetivo;3500.7
2602;12;Contrato;1500.3
2603;12;Efetivo;3500.7
2604;12;Efetivo;3500.7
2605;12;Contrato;1500.3
2606;12;Contrato;1500.3
2607;12;Contrato;1500.3
2608;12;Contrato;1500.3
2609;12;Contrato;1500.3
2610;12;Contrato;1500.3
2611;12;Contrato;1500.3
2612;12;Efetivo;3500.7
2613;12;Efetivo;3500.7
2614;12;Contrato;1500.3
2615;12;Contrato;1500.3
2616;12;Contrato;1500.3
2617;12;Efetivo;3500.7
2618;12;Contrato;1500.3
2619;12;Efetivo;3500.7
2620;12;Efetivo;3500.7
2621;12;Efetivo;3500.7
2622;12;Contrato;1500.3
2623;12;Contrato;1500.3
2624;12;Efetivo;3500.7
2625;12;Efetivo;3500.7
2626;12;Contrato;1500.3
2627;12;Efetivo;3500.7
2628;12;Contrato;1500.3
2629;12;Contrato;1500.3
2630;12;Contrato;1500.3
2631;12;Efetivo;3500.7
2632;12;Efetivo;3500.7
2633;12;Efetivo;3500.7
2634;12;Efetivo;3500.7
2635;12;Contrato;1500.3
2636;12;Efetivo;3500.7
2637;12;Efetivo;3500.7
2638;12;Efetivo;3500.7
2639;12;Contrato;1500.3
2640;12;Efetivo;3500.7
2641;12;Contrato;1500.3
2642;12;Efetivo;3500.7
2643;12;Contrato;1500.3
2644;12;Contrato;1500.3
2645;12;Efetivo;3500.7
2646;12;Efetivo;3500.7
2647;12;Contrato;1500.3
2648;12;Efetivo;3500.7
2649;12;Contrato;1500.3
2650;12;Contrato;1500.3
2651;12;Contrato;1500.3
2652;12;Efetivo;3500.7
2653;12;Contrato;1500.3
2654;12;Contrato;1500.3
2655;12;Efetivo;3500.7
2656;12;Contrato;1500.3
2657;12;Contrato;1500.3
2658;12;Efetivo;3500.7
2659;13;Efetivo;3500.7
2660;13;Efetivo;3500.7
2661;13;Efetivo;3500.7
2662;13;Contrato;1500.3
2663;13;Contrato;1500.3
2664;13;Efetivo;3500.7
2665;13;Efetivo;3500.7
2666;13;Efetivo;3500.7
2667;13;Efetivo;3500.7
2668;13;Efetivo;3500.7
2669;13;Efetivo;3500.7
2670;13;Contrato;1500.3
2671;13;Efetivo;3500.7
2672;13;Contrato;1500.3
2673;13;Contrato;1500.3
2674;13;Contrato;1500.3
2675;13;Contrato;1500.3
2676;13;Contrato;1500.3
2677;13;Efetivo;3500.7
2678;13;Efetivo;3500.7
2679;13;Efetivo;3500.7
2680;13;Contrato;1500.3
2681;13;Contrato;1500.3
2682;13;Efetivo;3500.7
2683;13;Efetivo;3500.7
2684;13;Contrato;1500.3
2685;13;Efetivo;3500.7
2686;13;Contrato;1500.3
2687;13;Contrato;1500.3
2688;13;Contrato;1500.3
2689;13;Contrato;1500.3
2690;13;Contrato;1500.3
2691;13;Contrato;1500.3
2692;13;Contrato;1500.3
2693;13;Contrato;1500.3
2694;13;Efetivo;3500.7
2695;13;Efetivo;3500.7
2696;13;Efetivo;3500.7
2697;13;Contrato;1500.3
2698;14;Efetivo;3500.7
2699;14;Contrato;1500.3
2700;14;Efetivo;3500.7
2701;14;Efetivo;3500.7
2702;14;Efetivo;3500.7
2703;14;Contrato;1500.3
2704;14;Efetivo;3500.7
2705;14;Contrato;1500.3
2706;14;Contrato;1500.3
2707;14;Efetivo;3500.7
2708;14;Contrato;1500.3
2709;14;Efetivo;3500.7
2710;14;Efetivo;3500.7
2711;14;Efetivo;3500.7
2712;14;Efetivo;3500.7
2713;14;Contrato;1500.3
2714;14;Efetivo;3500.7
2715;14;Contrato;1500.3
2716;14;Contrato;1500.3
2717;14;Contrato;1500.3
2718;14;Contrato;1500.3
2719;14;Contrato;1500.3
2720;14;Efetivo;3500.7
2721;14;Efetivo;3500.7
2722;14;Efetivo;3500.7
2723;14;Efetivo;3500.7
2724;14;Efetivo;3500.7
2725;14;Contrato;1500.3
2726;14;Contrato;1500.3
2727;14;Contrato;1500.3
2728;14;Efetivo;3500.7
2729;14;Contrato;1500.3
2730;14;Efetivo;3500.7
2731;14;Contrato;1500.3
2732;14;Contrato;1500.3
2733;14;Efetivo;3500.7
2734;14;Efetivo;3500.7
2735;14;Contrato;1500.3
2736;14;Contrato;1500.3
2737;14;Contrato;1500.3
2738;14;Contrato;1500.3
2739;14;Efetivo;3500.7
2740;14;Contrato;1500.3
2741;14;Contrato;1500.3
2742;14;Efetivo;3500.7
2743;14;Contrato;1500.3
2744;14;Contrato;1500.3
2745;14;Contrato;1500.3
2746;14;Efetivo;3500.7
2747;15;Efetivo;3500.7
2748;15;Contrato;1500.3
2749;15;Efetivo;3500.7
2750;15;Contrato;1500.3
2751;15;Contrato;1500.3
2752;15;Efetivo;3500.7
2753;15;Contrato;1500.3
2754;15;Efetivo;3500.7
2755;15;Contrato;1500.3
2756;15;Contrato;1500.3
2757;15;Contrato;1500.3
2758;15;Contrato;1500.3
2759;15;Efetivo;3500.7
2760;15;Contrato;1500.3
2761;15;Contrato;1500.3
2762;15;Contrato;1500.3
2763;15;Efetivo;3500.7
2764;15;Efetivo;3500.7
2765;15;Efetivo;3500.7
2766;15;Contrato;1500.3
2767;15;Contrato;1500.3
2768;15;Efetivo;3500.7
2769;15;Efetivo;3500.7
2770;15;Contrato;1500.3
2771;15;Efetivo;3500.7
2772;15;Efetivo;3500.7
2773;15;Efetivo;3500.7
2774;15;Efetivo;3500.7
2775;15;Contrato;1500.3
2776;15;Efetivo;3500.7
2777;15;Efetivo;3500.7
2778;15;Contrato;1500.3
2779;15;Efetivo;3500.7
2780;15;Efetivo;3500.7
2781;15;Contrato;1500.3
2782;15;Efetivo;3500.7
2783;15;Contrato;1500.3
2784;15;Efetivo;3500.7
2785;15;Contrato;1500.3
2786;16;Contrato;1500.3
2787;16;Contrato;1500.3
2788;16;Contrato;1500.3
2789;16;Contrato;1500.3
2790;16;Contrato;1500.3
2791;16;Efetivo;3500.7
2792;16;Contrato;1500.3
2793;16;Efetivo;3500.7
2794;16;Contrato;1500.3
2795;16;Contrato;1500.3
2796;16;Contrato;1500.3
2797;16;Contrato;1500.3
2798;16;Efetivo;3500.7
2799;16;Efetivo;3500.7
2800;16;Efetivo;3500.7
2801;16;Efetivo;3500.7
2802;16;Efetivo;3500.7
2803;16;Contrato;1500.3
2804;16;Contrato;1500.3
2805;16;Efetivo;3500.7
2806;16;Contrato;1500.3
2807;16;Contrato;1500.3
2808;16;Contrato;1500.3
2809;16;Contrato;1500.3
2810;16;Contrato;1500.3
2811;16;Efetivo;3500.7
2812;16;Contrato;1500.3
2813;16;Contrato;1500.3
2814;16;Efetivo;3500.7
2815;16;Contrato;1500.3
2816;16;Efetivo;3500.7
2817;17;Contrato;1500.3
2818;17;Contrato;1500.3
2819;17;Efetivo;3500.7
2820;17;Efetivo;3500.7
2821;17;Contrato;1500.3
2822;17;Efetivo;3500.7
2823;17;Efetivo;3500.7
2824;17;Contrato;1500.3
2825;17;Contrato;1500.3
2826;17;Efetivo;3500.7
2827;17;Contrato;1500.3
2828;17;Contrato;1500.3
2829;17;Contrato;1500.3
2830;17;Efetivo;3500.7
2831;17;Contrato;1500.3
2832;17;Efetivo;3500.7
2833;17;Efetivo;3500.7
2834;17;Contrato;1500.3
2835;17;Contrato;1500.3
2836;17;Contrato;1500.3
2837;17;Contrato;1500.3
2838;17;Efetivo;3500.7
2839;17;Contrato;1500.3
2840;17;Contrato;1500.3
2841;17;Contrato;1500.3
2842;17;Efetivo;3500.7
2843;17;Contrato;1500.3
2844;17;Efetivo;3500.7
2845;17;Contrato;1500.3
2846;17;Efetivo;3500.7
2847;17;Contrato;1500.3
2848;17;Contrato;1500.3
2849;17;Efetivo;3500.7
2850;17;Contrato;1500.3
2851;17;Contrato;1500.3
2852;17;Contrato;1500.3
2853;17;Efetivo;3500.7
2854;17;Efetivo;3500.7
2855;17;Contrato;1500.3
2856;17;Contrato;1500.3
2857;17;Contrato;1500.3
2858;17;Contrato;1500.3
2859;17;Contrato;1500.3
2860;17;Efetivo;3500.7
2861;17;Contrato;1500.3
2862;17;Efetivo;3500.7
2863;17;Contrato;1500.3
2864;17;Contrato;1500.3
2865;17;Efetivo;3500.7
2866;18;Efetivo;3500.7
2867;18;Contrato;1500.3
2868;18;Efetivo;3500.7
2869;18;Contrato;1500.3
2870;18;Contrato;1500.3
2871;18;Efetivo;3500.7
2872;18;Contrato;1500.3
2873;18;Contrato;1500.3
2874;18;Contrato;1500.3
2875;18;Contrato;1500.3
2876;18;Contrato;1500.3
2877;18;Contrato;1500.3
2878;18;Contrato;1500.3
2879;18;Contrato;1500.3
2880;18;Contrato;1500.3
2881;18;Efetivo;3500.7
2882;18;Contrato;1500.3
2883;18;Efetivo;3500.7
2884;18;Contrato;1500.3
2885;18;Efetivo;3500.7
2886;18;Contrato;1500.3
2887;18;Contrato;1500.3
2888;18;Efetivo;3500.7
2889;18;Efetivo;3500.7
2890;18;Contrato;1500.3
2891;18;Efetivo;3500.7
2892;18;Efetivo;3500.7
2893;18;Contrato;1500.3
2894;18;Efetivo;3500.7
2895;18;Efetivo;3500.7
2896;18;Contrato;1500.3
2897;18;Contrato;1500.3
2898;18;Contrato;1500.3
2899;18;Efetivo;3500.7
2900;18;Contrato;1500.3
2901;18;Efetivo;3500.7
2902;18;Contrato;1500.3
2903;18;Efetivo;3500.7
2904;18;Contrato;1500.3
2905;18;Efetivo;3500.7
2906;18;Efetivo;3500.7
2907;18;Efetivo;3500.7
2908;18;Contrato;1500.3
2909;18;Contrato;1500.3
2910;18;Efetivo;3500.7
2911;18;Efetivo;3500.7
2912;19;Efetivo;3500.7
2913;19;Contrato;1500.3
2914;19;Efetivo;3500.7
2915;19;Contrato;1500.3
2916;19;Efetivo;3500.7
2917;19;Efetivo;3500.7
2918;19;Contrato;1500.3
2919;19;Efetivo;3500.7
2920;19;Contrato;1500.3
2921;19;Contrato;1500.3
2922;19;Contrato;1500.3
2923;19;Contrato;1500.3
2924;19;Contrato;1500.3
2925;19;Efetivo;3500.7
2926;19;Contrato;1500.3
2927;19;Efetivo;3500.7
2928;19;Efetivo;3500.7
2929;19;Efetivo;3500.7
2930;19;Efetivo;3500.7
2931;19;Contrato;1500.3
2932;19;Contrato;1500.3
2933;19;Contrato;1500.3
2934;19;Efetivo;3500.7
2935;19;Contrato;1500.3
2936;19;Contrato;1500.3
2937;19;Contrato;1500.3
2938;19;Contrato;1500.3
2939;19;Efetivo;3500.7
2940;19;Contrato;1500.3
2941;19;Contrato;1500.3
2942;19;Efetivo;3500.7
2943;19;Efetivo;3500.7
2944;19;Contrato;1500.3
2945;19;Contrato;1500.3
2946;19;Efetivo;3500.7
2947;19;Contrato;1500.3
2948;19;Efetivo;3500.7
2949;19;Efetivo;3500.7
2950;19;Efetivo;3500.7
2951;19;Efetivo;3500.7
2952;19;Efetivo;3500.7
2953;19;Contrato;1500.3
2954;19;Contrato;1500.3
2955;19;Efetivo;3500.7
2956;19;Contrato;1500.3
2957;19;Efetivo;3500.7
2958;19;Contrato;1500.3
2959;19;Contrato;1500.3
2960;19;Efetivo;3500.7
2961;19;Efetivo;3500.7
2962;19;Efetivo;3500.7
2963;19;Efetivo;3500.7
2964;19;Contrato;1500.3
2965;19;Efetivo;3500.7
2966;19;Contrato;1500.3
2967;19;Efetivo;3500.7
2968;19;Contrato;1500.3
2969;19;Contrato;1500.3
2970;19;Contrato;1500.3
2971;20;Contrato;1500.3
2972;20;Efetivo;3500.7
2973;20;Efetivo;3500.7
2974;20;Contrato;1500.3
2975;20;Contrato;1500.3
2976;20;Contrato;1500.3
2977;20;Contrato;1500.3
2978;20;Contrato;1500.3
2979;20;Contrato;1500.3
2980;20;Efetivo;3500.7
2981;20;Contrato;1500.3
2982;20;Contrato;1500.3
2983;20;Efetivo;3500.7
2984;20;Efetivo;3500.7
2985;20;Contrato;1500.3
2986;20;Efetivo;3500.7
2987;20;Contrato;1500.3
2988;20;Contrato;1500.3
2989;20;Efetivo;3500.7
2990;20;Efetivo;3500.7
2991;20;Efetivo;3500.7
2992;20;Efetivo;3500.7
2993;20;Efetivo;3500.7
2994;20;Contrato;1500.3
2995;20;Contrato;1500.3
2996;20;Efetivo;3500.7
2997;20;Efetivo;3500.7
2998;20;Efetivo;3500.7
2999;20;Contrato;1500.3
3000;20;Contrato;1500.3
3001;20;Efetivo;3500.7
3002;20;Contrato;1500.3
3003;20;Efetivo;3500.7
3004;20;Efetivo;3500.7
3005;20;Efetivo;3500.7
3006;20;Efetivo;3500.7
3007;20;Efetivo;3500.7
3008;20;Contrato;1500.3
3009;20;Contrato;1500.3
3010;20;Efetivo;3500.7
3011;20;Contrato;1500.3
3012;20;Contrato;1500.3
3013;20;Contrato;1500.3
3014;20;Contrato;1500.3
3015;20;Contrato;1500.3
3016;20;Contrato;1500.3
3017;20;Efetivo;3500.7
3018;20;Contrato;1500.3
3019;20;Contrato;1500.3
3020;20;Contrato;1500.3
3021;20;Efetivo;3500.7
3022;20;Efetivo;3500.7
3023;20;Contrato;1500.3
3024;20;Efetivo;3500.7
3025;20;Efetivo;3500.7
3026;20;Efetivo;3500.7
3027;20;Efetivo;3500.7
3028;20;Contrato;1500.3
3029;20;Contrato;1500.3
3030;20;Contrato;1500.3
3031;20;Efetivo;3500.7
3032;20;Contrato;1500.3
3033;20;Contrato;1500.3
3034;20;Contrato;1500.3
3035;20;Contrato;1500.3
3036;20;Contrato;1500.3
3037;20;Contrato;1500.3
3038;20;Efetivo;3500.7
3039;20;Contrato;1500.3
3040;20;Efetivo;3500.7
3041;20;Contrato;1500.3
3042;20;Contrato;1500.3
3043;20;Contrato;1500.3
3044;20;Efetivo;3500.7
3045;20;Efetivo;3500.7
3046;20;Contrato;1500.3
3047;20;Contrato;1500.3
